Name,Second Name,Salary,City,Age,Vacation Preference,Transport Preference,Target Destination
Mia,Martin,51166,Barcelona,42,Food tour,plane,Dubai
David,Taylor,86411,Seattle,65,Mountain hiking,train,Tokyo
Emily,Anderson,45888,Tokyo,27,Cruise,car,New York
Madison,Williams,82726,Tokyo,34,Cruise,plane,New York
Emily,Brown,50375,Mumbai,31,Historical sightseeing,car,Paris
Emily,White,82051,Sydney,44,Historical sightseeing,cruise ship,Tokyo
Alexander,Miller,54376,Barcelona,55,Historical sightseeing,plane,Paris
Sophie,Taylor,46287,Cape Town,56,Cruise,cruise ship,Dubai
Madison,Lopez,78102,San Francisco,31,Mountain hiking,train,Dubai
Avery,Martin,56651,Sydney,50,Safari,plane,Paris
Olivia,Jones,69001,Tokyo,26,Mountain hiking,cruise ship,New York
Grace,Johnson,72370,Tokyo,34,Food tour,car,Dubai
William,Thompson,68277,Berlin,61,Cruise,train,Dubai
Olivia,Miller,54507,Toronto,49,Safari,cruise ship,Tokyo
Sophia,Jones,65866,Sydney,30,Golf retreat,cruise ship,Barcelona
James,Williams,84228,Tokyo,56,Mountain hiking,plane,Barcelona
David,Williams,63509,Seoul,48,Safari,plane,Barcelona
William,Brown,76609,Seoul,39,Historical sightseeing,plane,Dubai
Abigail,Martin,69099,San Francisco,57,Cruise,cruise ship,Barcelona
Emily,Martinez,68256,Beijing,44,Festival,train,Tokyo
Benjamin,Thomas,89610,Beijing,58,Safari,plane,Tokyo
James,Lopez,87471,Dublin,40,Cruise,plane,Dubai
Nicholas,White,89326,Seoul,57,Historical sightseeing,car,Barcelona
David,Anderson,88550,Mumbai,32,Safari,cruise ship,Paris
Benjamin,Thomas,42376,Toronto,66,Golf retreat,train,Tokyo
Grace,Garcia,62575,Sydney,55,Food tour,train,Dubai
Ethan,Moore,86525,Sydney,41,Golf retreat,train,Paris
Matthew,White,87095,Tokyo,52,Relaxation spa,plane,Dubai
Nicholas,Martin,69652,Berlin,41,Golf retreat,plane,New York
Benjamin,Johnson,62301,Dublin,50,Relaxation spa,train,Dubai
Olivia,Brown,64849,Tokyo,62,Historical sightseeing,train,Dubai
David,Wilson,68777,Sydney,37,Festival,plane,Dubai
Ethan,Miller,60957,Sydney,38,Festival,plane,Tokyo
Grace,Davis,60747,Singapore,49,Cruise,cruise ship,New York
Matthew,Brown,84497,Seoul,37,Safari,cruise ship,Dubai
Sophia,Garcia,78846,San Francisco,69,Safari,plane,Paris
Ethan,White,49111,San Francisco,29,Cruise,car,Dubai
Abigail,Thomas,64236,Tokyo,30,Cruise,train,Tokyo
Abigail,Martinez,83180,Seoul,70,Festival,car,Barcelona
Nicholas,Williams,52777,Singapore,39,Festival,train,Barcelona
Avery,White,67541,Dublin,38,Golf retreat,cruise ship,New York
William,Williams,88953,Tokyo,38,Safari,cruise ship,New York
Abigail,Williams,72758,Mumbai,37,Safari,plane,New York
Isabella,Jones,57719,San Francisco,49,Mountain hiking,car,Tokyo
Matthew,Moore,77713,Seoul,37,Safari,plane,Tokyo
Nicholas,Thompson,57155,Sydney,37,Food tour,cruise ship,New York
Avery,Thomas,49695,Beijing,56,Golf retreat,cruise ship,Dubai
Christopher,Johnson,82953,Tokyo,37,Food tour,cruise ship,Paris
Emma,Thomas,76595,Sydney,39,Cruise,train,New York
Ava,Jackson,53522,Chicago,63,Safari,car,Dubai
Alexander,Taylor,57903,Beijing,35,Safari,car,Dubai
Christopher,Lopez,47189,Dublin,43,Historical sightseeing,plane,Barcelona
Nicholas,White,71182,San Francisco,32,Golf retreat,cruise ship,New York
John,Davis,87088,Chicago,49,Historical sightseeing,car,Barcelona
Isabella,Moore,52982,Tokyo,36,Food tour,cruise ship,Barcelona
John,Jackson,55882,Mumbai,66,Mountain hiking,cruise ship,New York
Grace,Wilson,88820,Seoul,38,Festival,car,New York
Emily,Smith,64381,Dublin,51,Mountain hiking,plane,New York
William,Johnson,43560,Seoul,35,Cruise,train,Paris
Ava,Wilson,83195,San Francisco,35,Historical sightseeing,train,Barcelona
Nicholas,Moore,59620,San Francisco,36,Safari,train,New York
Madison,Anderson,55260,Berlin,47,Food tour,plane,Paris
Nicholas,Jones,77591,San Francisco,30,Golf retreat,plane,Tokyo
Avery,Garcia,63335,Seoul,59,Mountain hiking,car,New York
David,Jackson,41522,Barcelona,26,Golf retreat,plane,Barcelona
Sophia,Johnson,79712,Berlin,47,Food tour,car,Paris
Sophia,Harris,79208,San Francisco,29,Relaxation spa,car,Tokyo
Avery,Davis,48316,Tokyo,43,Golf retreat,cruise ship,Barcelona
Christopher,Williams,72957,Dublin,29,Safari,cruise ship,Paris
Alexander,Anderson,47605,Seattle,64,Safari,train,Tokyo
Mia,Brown,40486,Seattle,42,Mountain hiking,cruise ship,Dubai
Michael,Johnson,44601,Mumbai,56,Mountain hiking,car,Paris
Ethan,Williams,70200,Beijing,65,Historical sightseeing,car,New York
Grace,Brown,80992,San Francisco,59,Safari,plane,Tokyo
David,Harris,71093,Barcelona,59,Cruise,train,New York
Benjamin,Martinez,57760,Berlin,65,Food tour,cruise ship,New York
Isabella,Miller,73319,Mumbai,67,Festival,plane,Tokyo
Grace,Taylor,77598,Toronto,55,Safari,car,New York
Ethan,Thomas,68388,Dublin,63,Food tour,car,Paris
Emily,Martin,59604,Tokyo,55,Relaxation spa,cruise ship,Dubai
Andrew,Jones,62285,Toronto,44,Food tour,cruise ship,Tokyo
John,Miller,88828,Mumbai,25,Historical sightseeing,train,Paris
Nicholas,Davis,82980,Cape Town,66,Safari,train,Barcelona
Benjamin,Jones,81475,San Francisco,53,Mountain hiking,cruise ship,Tokyo
Sophia,Williams,87228,Mumbai,67,Festival,plane,Dubai
Christopher,Lopez,77171,Cape Town,50,Food tour,car,Tokyo
Nicholas,Brown,44156,Singapore,32,Safari,train,Paris
Andrew,Williams,87795,Beijing,68,Golf retreat,plane,Tokyo
Nicholas,Johnson,76729,Toronto,42,Mountain hiking,plane,Paris
Alexander,Smith,51352,Toronto,59,Mountain hiking,cruise ship,New York
Emma,Jackson,59198,Mumbai,34,Food tour,train,Paris
Daniel,Brown,49921,Beijing,26,Golf retreat,train,Dubai
Abigail,Brown,62268,Berlin,64,Mountain hiking,cruise ship,Paris
John,Garcia,77074,Seoul,31,Relaxation spa,train,Paris
Benjamin,Harris,56278,Singapore,27,Food tour,train,Barcelona
Nicholas,Garcia,52424,Seattle,59,Festival,car,Barcelona
Ava,Martin,70688,Dublin,69,Food tour,plane,Dubai
Daniel,Lopez,56023,Cape Town,31,Festival,train,Tokyo
James,Jones,43080,Tokyo,65,Cruise,cruise ship,Paris
Ethan,Jones,66285,Barcelona,49,Food tour,car,Dubai
Emma,Harris,61013,Berlin,28,Historical sightseeing,car,Barcelona
William,Jackson,71197,Dublin,38,Relaxation spa,train,New York
Madison,Martinez,74546,Sydney,44,Food tour,train,Paris
Andrew,Taylor,68804,Sydney,25,Golf retreat,cruise ship,Tokyo
Christopher,Jackson,66055,Sydney,42,Food tour,train,Dubai
Alexander,Lopez,82556,Chicago,42,Historical sightseeing,car,Barcelona
Sophia,Garcia,87830,Singapore,62,Relaxation spa,plane,Dubai
James,Taylor,46083,Beijing,61,Mountain hiking,train,Dubai
Isabella,Lopez,65770,Singapore,54,Safari,cruise ship,Paris
Michael,Jones,68845,Tokyo,25,Golf retreat,cruise ship,Barcelona
John,Martinez,40662,Barcelona,48,Cruise,car,Tokyo
Avery,Taylor,50568,Sydney,48,Food tour,train,Tokyo
Isabella,Martinez,69652,Beijing,54,Historical sightseeing,cruise ship,Barcelona
David,Thompson,43223,Cape Town,44,Food tour,train,New York
James,Lopez,50815,Toronto,51,Safari,cruise ship,New York
Abigail,Wilson,70949,Tokyo,54,Festival,cruise ship,New York
William,Thompson,56600,Tokyo,28,Festival,cruise ship,Tokyo
Ethan,Williams,51903,Singapore,64,Relaxation spa,cruise ship,Barcelona
Benjamin,Martin,41061,Toronto,29,Golf retreat,cruise ship,Barcelona
Nicholas,Thompson,45358,Cape Town,34,Golf retreat,train,Barcelona
Isabella,Lopez,73726,Sydney,49,Mountain hiking,car,Paris
Sophie,Davis,78183,Toronto,60,Relaxation spa,train,New York
David,Moore,85035,Dublin,47,Festival,train,Dubai
Emily,Martinez,76051,Dublin,28,Mountain hiking,car,Tokyo
Benjamin,Williams,75133,Cape Town,28,Food tour,plane,Barcelona
Olivia,Jackson,73388,Beijing,44,Festival,car,New York
Olivia,Williams,51830,Beijing,43,Cruise,plane,New York
Emily,Harris,58186,Sydney,48,Food tour,train,New York
John,Garcia,79708,Toronto,30,Golf retreat,train,Dubai
Abigail,Thompson,66058,Sydney,55,Food tour,cruise ship,Barcelona
Olivia,Harris,62571,San Francisco,35,Cruise,plane,Tokyo
James,Smith,43371,Barcelona,43,Golf retreat,plane,Paris
Ethan,Harris,52192,Singapore,36,Food tour,cruise ship,New York
Andrew,Brown,55204,Singapore,30,Historical sightseeing,cruise ship,Paris
David,Moore,53145,Chicago,69,Mountain hiking,car,Barcelona
Christopher,White,62971,Seattle,41,Historical sightseeing,cruise ship,New York
Christopher,Brown,75272,Cape Town,69,Relaxation spa,cruise ship,New York
Sophia,Miller,85186,Mumbai,69,Food tour,car,New York
Daniel,White,73276,Chicago,48,Food tour,cruise ship,Tokyo
Avery,Garcia,84079,San Francisco,39,Safari,cruise ship,Dubai
Nicholas,Smith,44241,Seattle,30,Food tour,car,Barcelona
David,Wilson,51358,Berlin,60,Golf retreat,plane,Barcelona
David,Martinez,82749,Mumbai,48,Festival,plane,Paris
Mia,Garcia,44462,Dublin,62,Safari,train,Barcelona
Nicholas,Jones,48715,Sydney,66,Golf retreat,cruise ship,Tokyo
David,Thomas,70614,Singapore,63,Safari,car,Paris
Sophia,Davis,40775,Berlin,67,Cruise,plane,Tokyo
Benjamin,Moore,41693,Sydney,36,Relaxation spa,plane,Dubai
Avery,Moore,41580,Singapore,28,Historical sightseeing,car,Barcelona
Sophia,Moore,60434,Berlin,28,Festival,cruise ship,Tokyo
Alexander,Wilson,72327,Barcelona,47,Food tour,train,Barcelona
Grace,Martin,84283,Barcelona,55,Historical sightseeing,cruise ship,Dubai
William,White,63147,Singapore,29,Mountain hiking,train,New York
Andrew,Taylor,47225,Chicago,70,Historical sightseeing,plane,Barcelona
Avery,White,59973,Berlin,69,Safari,plane,Paris
Benjamin,Smith,49375,San Francisco,54,Mountain hiking,car,Tokyo
Nicholas,Miller,74856,Chicago,27,Safari,plane,Dubai
John,Brown,87460,Chicago,39,Festival,plane,New York
Emily,Davis,81684,San Francisco,48,Festival,cruise ship,Paris
Olivia,Thomas,63656,San Francisco,38,Cruise,cruise ship,Dubai
Isabella,White,73327,Singapore,25,Festival,car,Paris
Sophie,Garcia,51230,Singapore,69,Festival,plane,Barcelona
Olivia,Harris,72421,San Francisco,25,Festival,train,New York
David,Williams,73986,Dublin,43,Safari,train,New York
Benjamin,Smith,66616,Tokyo,50,Mountain hiking,plane,Paris
Ethan,Jackson,67340,Toronto,43,Cruise,train,Dubai
Daniel,Davis,65484,Barcelona,38,Safari,cruise ship,New York
Mia,Thomas,85071,Tokyo,57,Cruise,cruise ship,Paris
Avery,Martin,46508,Mumbai,61,Cruise,car,Paris
Avery,Williams,41435,Toronto,37,Food tour,train,New York
Madison,Taylor,78312,Sydney,48,Golf retreat,car,New York
Ethan,Anderson,68430,Dublin,62,Mountain hiking,car,Tokyo
John,Williams,87865,Tokyo,47,Festival,cruise ship,Barcelona
Sophia,Garcia,83241,Mumbai,39,Mountain hiking,plane,New York
Christopher,Taylor,70667,Berlin,69,Cruise,car,Paris
Sophie,Martinez,65232,Seoul,54,Golf retreat,train,Paris
James,Anderson,68049,Barcelona,41,Golf retreat,car,Tokyo
Mia,Thompson,64193,Sydney,67,Mountain hiking,train,Barcelona
Christopher,Lopez,43594,Seattle,26,Historical sightseeing,car,Tokyo
Nicholas,Davis,85911,Toronto,55,Safari,train,Barcelona
Emma,Johnson,77529,San Francisco,60,Historical sightseeing,train,Paris
Mia,Brown,47809,Seoul,54,Mountain hiking,train,Tokyo
Olivia,Lopez,80528,Seattle,31,Mountain hiking,plane,Barcelona
Sophie,Harris,51648,Cape Town,25,Safari,cruise ship,Paris
Abigail,Lopez,51400,Mumbai,37,Mountain hiking,plane,Paris
Sophie,Jackson,43884,Singapore,60,Mountain hiking,train,Dubai
Isabella,Davis,53839,Chicago,38,Safari,train,Dubai
James,Harris,79674,Cape Town,65,Food tour,cruise ship,Dubai
Abigail,Wilson,64794,Berlin,60,Safari,car,New York
Emma,Taylor,87299,Dublin,46,Festival,train,Dubai
James,Garcia,71280,Barcelona,41,Mountain hiking,plane,Paris
Madison,Davis,66676,San Francisco,66,Golf retreat,plane,Paris
Emma,Jackson,72350,Chicago,60,Food tour,plane,New York
Isabella,Taylor,51946,Seattle,43,Safari,cruise ship,Dubai
Olivia,Martinez,76940,Tokyo,38,Historical sightseeing,cruise ship,Paris
Matthew,Anderson,41379,Cape Town,40,Food tour,train,Paris
Emma,Miller,63490,Chicago,31,Festival,train,Paris
Abigail,Jones,76905,Seoul,54,Mountain hiking,plane,New York
Benjamin,Garcia,79185,Toronto,37,Safari,car,New York
Grace,Wilson,43673,Cape Town,45,Golf retreat,cruise ship,Dubai
Olivia,White,60238,Berlin,54,Relaxation spa,car,Tokyo
Nicholas,Jones,76267,Dublin,33,Safari,plane,Paris
Alexander,Garcia,45241,Barcelona,69,Cruise,train,New York
William,Jones,86954,Dublin,27,Mountain hiking,plane,New York
Ethan,Smith,57410,Toronto,64,Historical sightseeing,train,Tokyo
Avery,Wilson,65854,Sydney,43,Relaxation spa,car,Dubai
Mia,Harris,86624,Cape Town,50,Food tour,plane,Paris
Nicholas,Johnson,43259,Berlin,41,Mountain hiking,cruise ship,Paris
Andrew,Williams,55591,Chicago,32,Relaxation spa,cruise ship,Tokyo
Olivia,Johnson,58221,Barcelona,59,Golf retreat,car,Paris
Daniel,White,58194,Dublin,49,Golf retreat,car,Barcelona
Alexander,Martin,57943,Tokyo,38,Historical sightseeing,train,Barcelona
Michael,Martin,81516,Barcelona,34,Golf retreat,train,Paris
Matthew,White,62864,Barcelona,47,Food tour,train,New York
Daniel,Williams,46892,Tokyo,34,Mountain hiking,car,Dubai
Matthew,Lopez,43966,Singapore,51,Mountain hiking,car,Dubai
Christopher,Garcia,66260,Tokyo,57,Golf retreat,plane,Paris
Emma,Thompson,61333,San Francisco,38,Cruise,plane,Barcelona
Sophie,Jackson,70269,Mumbai,25,Festival,cruise ship,New York
Alexander,Harris,67461,Beijing,49,Historical sightseeing,car,Tokyo
Ava,Miller,56777,Barcelona,60,Cruise,cruise ship,New York
Emily,Smith,79430,Seattle,69,Safari,train,Dubai
David,Lopez,60966,Barcelona,25,Cruise,cruise ship,Dubai
John,Taylor,83940,Dublin,42,Mountain hiking,cruise ship,Tokyo
Ethan,Lopez,44303,Seattle,70,Cruise,cruise ship,Dubai
Abigail,Miller,80608,Seattle,51,Cruise,cruise ship,Paris
Sophie,Garcia,68234,Tokyo,36,Golf retreat,plane,Barcelona
Avery,Jackson,66176,Tokyo,56,Golf retreat,plane,Barcelona
Mia,Taylor,42756,Mumbai,66,Historical sightseeing,train,Barcelona
Matthew,Taylor,68490,Beijing,64,Festival,plane,Tokyo
Ethan,Wilson,50090,Sydney,32,Festival,train,Tokyo
Olivia,Jones,44750,Singapore,61,Mountain hiking,car,Dubai
Abigail,Lopez,70389,San Francisco,35,Golf retreat,cruise ship,New York
Emily,Smith,82439,Mumbai,59,Mountain hiking,plane,New York
Ethan,Miller,40205,Seattle,58,Historical sightseeing,train,New York
Madison,Thompson,44815,Barcelona,61,Mountain hiking,car,Dubai
Avery,White,62647,Toronto,67,Relaxation spa,cruise ship,Dubai
Madison,Harris,69040,Dublin,56,Historical sightseeing,plane,New York
David,Thompson,47517,San Francisco,51,Cruise,cruise ship,Dubai
Ava,Harris,72586,Tokyo,38,Historical sightseeing,plane,Dubai
Isabella,Smith,77236,Mumbai,36,Safari,plane,Barcelona
Matthew,Brown,57711,Singapore,70,Safari,car,Paris
Alexander,Thompson,88365,San Francisco,51,Mountain hiking,train,New York
Abigail,Taylor,68021,Tokyo,67,Cruise,plane,Dubai
Madison,Taylor,59224,Tokyo,25,Golf retreat,cruise ship,Dubai
Benjamin,Brown,88087,Berlin,50,Relaxation spa,car,Paris
Ava,Smith,60459,Cape Town,70,Festival,cruise ship,Paris
Mia,Wilson,70063,Beijing,70,Cruise,train,Barcelona
Christopher,Lopez,59343,Dublin,61,Festival,train,Paris
Sophie,Wilson,45357,Toronto,62,Cruise,train,Tokyo
Nicholas,Thompson,49368,Sydney,29,Golf retreat,car,New York
Andrew,Johnson,78824,Sydney,26,Mountain hiking,car,Tokyo
Andrew,Thomas,42938,Tokyo,32,Historical sightseeing,cruise ship,New York
Madison,Smith,86510,San Francisco,51,Mountain hiking,car,Dubai
Nicholas,Thompson,87700,Seoul,59,Historical sightseeing,cruise ship,Dubai
David,Moore,57671,Berlin,53,Festival,cruise ship,Tokyo
Olivia,Johnson,71022,Sydney,47,Relaxation spa,train,Barcelona
David,Taylor,84894,Singapore,50,Cruise,car,Paris
Ethan,Thompson,63331,Mumbai,67,Festival,train,Barcelona
Ava,Jackson,57017,Barcelona,30,Festival,car,New York
Emily,Jones,65711,Barcelona,36,Mountain hiking,train,Barcelona
David,Miller,57629,Mumbai,44,Safari,train,Dubai
Mia,Miller,52548,Barcelona,29,Food tour,train,Dubai
John,Garcia,73840,Tokyo,60,Historical sightseeing,plane,Tokyo
Christopher,Smith,43793,Sydney,44,Cruise,car,New York
Ava,Martin,88815,Tokyo,36,Cruise,plane,Dubai
Daniel,Jackson,80909,Cape Town,43,Historical sightseeing,plane,Barcelona
James,Wilson,42217,Chicago,58,Mountain hiking,train,Tokyo
Ethan,Smith,61580,Berlin,40,Safari,plane,Tokyo
Nicholas,Anderson,51496,Cape Town,47,Mountain hiking,plane,New York
Nicholas,Lopez,63098,Beijing,30,Golf retreat,cruise ship,New York
Emily,Thomas,65330,Chicago,30,Food tour,plane,Paris
Mia,White,69066,Toronto,51,Safari,plane,New York
Sophie,Thompson,50280,Tokyo,65,Food tour,train,New York
Benjamin,Lopez,55709,Toronto,37,Golf retreat,cruise ship,Barcelona
Mia,Johnson,41899,Singapore,34,Food tour,plane,Paris
Sophie,Martinez,65964,Cape Town,49,Mountain hiking,cruise ship,Barcelona
Emma,Martin,44119,Berlin,45,Safari,train,Barcelona
Michael,Harris,59734,Toronto,49,Food tour,cruise ship,Barcelona
Sophie,Davis,47423,Chicago,38,Historical sightseeing,plane,New York
Sophie,Miller,60051,Seattle,63,Mountain hiking,cruise ship,Tokyo
Mia,Anderson,66207,Tokyo,47,Historical sightseeing,train,Barcelona
Andrew,Taylor,65912,Tokyo,47,Cruise,car,Barcelona
Avery,Johnson,65842,Tokyo,53,Festival,plane,Paris
Matthew,Jackson,86481,Mumbai,48,Golf retreat,train,Dubai
David,Garcia,50262,Dublin,47,Golf retreat,car,Tokyo
Andrew,Garcia,45959,Berlin,43,Safari,cruise ship,New York
Olivia,Brown,78646,Seattle,38,Relaxation spa,plane,Barcelona
Ava,Martinez,72611,Dublin,37,Food tour,car,Barcelona
William,Moore,48933,Seattle,54,Golf retreat,train,Paris
Sophia,Johnson,48244,Chicago,62,Food tour,plane,Barcelona
Avery,Williams,88584,Berlin,69,Safari,car,Paris
Matthew,Jones,49595,Chicago,56,Historical sightseeing,cruise ship,Barcelona
Olivia,Miller,46633,Sydney,65,Mountain hiking,train,Paris
Madison,Williams,40596,Sydney,48,Food tour,train,New York
John,Johnson,70272,Beijing,29,Historical sightseeing,car,New York
Nicholas,Lopez,67918,Seattle,57,Cruise,plane,Tokyo
Sophie,Anderson,85915,Beijing,45,Historical sightseeing,car,Tokyo
John,Smith,86835,Seoul,33,Golf retreat,car,Paris
Ava,Smith,88416,Beijing,30,Historical sightseeing,plane,New York
Avery,Wilson,80215,Berlin,31,Food tour,plane,Paris
Mia,Davis,48857,Seoul,66,Golf retreat,train,Tokyo
Sophia,Taylor,73351,Chicago,26,Mountain hiking,car,New York
Andrew,Lopez,51003,Singapore,40,Mountain hiking,car,Tokyo
William,Garcia,85331,Singapore,70,Historical sightseeing,plane,New York
Grace,Lopez,48028,Beijing,46,Festival,train,New York
Isabella,Johnson,86351,Chicago,45,Mountain hiking,plane,Dubai
Sophie,Garcia,62696,Tokyo,26,Food tour,plane,Barcelona
Christopher,Martin,56952,Chicago,34,Safari,plane,New York
Daniel,Jones,85208,Mumbai,60,Historical sightseeing,car,New York
Matthew,Garcia,42516,Sydney,61,Safari,plane,Barcelona
Emma,Moore,72764,Tokyo,38,Cruise,car,New York
Grace,Harris,67619,Toronto,30,Relaxation spa,car,Barcelona
Isabella,Martinez,51702,Sydney,57,Mountain hiking,car,New York
William,Thomas,70236,Toronto,66,Golf retreat,plane,Paris
Daniel,Brown,83862,Chicago,25,Historical sightseeing,train,New York
Grace,Thompson,58441,Barcelona,32,Safari,train,Paris
Ethan,Harris,70499,Beijing,44,Golf retreat,cruise ship,Dubai
Mia,Jones,59628,Chicago,43,Golf retreat,train,Barcelona
James,Martin,46170,Tokyo,35,Historical sightseeing,cruise ship,New York
David,Taylor,66779,Beijing,62,Relaxation spa,plane,Tokyo
William,Williams,54615,Beijing,30,Festival,car,New York
Alexander,Jones,59706,Dublin,37,Historical sightseeing,train,Dubai
Benjamin,Johnson,41194,Tokyo,49,Golf retreat,train,Paris
David,White,49081,Cape Town,70,Cruise,cruise ship,Barcelona
Emma,Davis,79362,Tokyo,61,Historical sightseeing,cruise ship,Tokyo
Emma,Davis,70387,Seattle,32,Golf retreat,plane,New York
Nicholas,Thompson,63629,Sydney,55,Cruise,car,New York
Christopher,Taylor,59486,Seattle,69,Safari,train,New York
William,Smith,47738,Tokyo,54,Golf retreat,train,Tokyo
James,Miller,46961,San Francisco,55,Festival,car,Tokyo
Sophie,Thompson,80329,Chicago,31,Festival,car,New York
Ethan,Williams,87866,Chicago,63,Festival,cruise ship,Dubai
Daniel,Martinez,81939,Beijing,63,Cruise,car,Paris
Sophia,White,43419,Toronto,31,Safari,cruise ship,Paris
Mia,Williams,66837,Seoul,64,Mountain hiking,train,New York
Emily,White,42243,Sydney,38,Festival,plane,Barcelona
Ava,Thomas,61359,Seattle,56,Safari,plane,Barcelona
Alexander,Williams,74264,Cape Town,56,Festival,plane,Dubai
Christopher,Thompson,47555,Singapore,69,Festival,car,Paris
Ethan,Thompson,46665,Sydney,39,Golf retreat,car,Paris
Avery,Thompson,52602,Sydney,63,Food tour,car,New York
Daniel,Taylor,55409,Seoul,58,Golf retreat,train,Dubai
Daniel,Martin,53260,Singapore,54,Mountain hiking,car,Dubai
Avery,White,86458,Singapore,60,Golf retreat,plane,New York
Benjamin,Wilson,80175,Singapore,47,Food tour,plane,Barcelona
John,Anderson,78376,Berlin,32,Historical sightseeing,plane,Dubai
Madison,Lopez,66712,Sydney,35,Relaxation spa,cruise ship,Paris
Nicholas,Taylor,57382,Chicago,65,Food tour,car,Barcelona
Grace,Anderson,63850,Sydney,46,Golf retreat,plane,Barcelona
Ava,Davis,61832,Singapore,60,Golf retreat,cruise ship,Paris
Michael,Jones,71489,Seoul,61,Golf retreat,plane,Dubai
William,Miller,62854,Barcelona,27,Relaxation spa,train,Dubai
Christopher,Jackson,77399,Mumbai,28,Relaxation spa,plane,Barcelona
Grace,Jackson,57321,Tokyo,58,Cruise,cruise ship,Tokyo
Ethan,Lopez,46369,Toronto,51,Food tour,train,Tokyo
Mia,Brown,47638,Tokyo,35,Food tour,car,Barcelona
Grace,Anderson,84162,Toronto,39,Mountain hiking,car,Tokyo
Andrew,Moore,42866,San Francisco,35,Cruise,car,Paris
John,Williams,56639,Seoul,46,Mountain hiking,cruise ship,Barcelona
William,Jackson,66855,Chicago,55,Food tour,train,Barcelona
Michael,Lopez,50130,Barcelona,41,Golf retreat,plane,New York
William,Harris,69070,Singapore,28,Food tour,car,Paris
John,Williams,67613,Dublin,69,Historical sightseeing,cruise ship,Dubai
William,Davis,82717,San Francisco,29,Festival,train,Barcelona
Benjamin,White,55941,Mumbai,28,Food tour,train,Paris
Sophia,Johnson,53493,Tokyo,35,Historical sightseeing,car,Barcelona
Emma,Davis,65613,Barcelona,59,Golf retreat,cruise ship,Dubai
Ava,Wilson,63136,Toronto,39,Golf retreat,plane,Barcelona
Grace,Garcia,59368,Tokyo,35,Cruise,plane,Tokyo
Daniel,Thompson,59357,Beijing,59,Festival,plane,Dubai
James,Garcia,86400,Sydney,65,Festival,plane,Tokyo
Avery,Anderson,45038,Cape Town,32,Historical sightseeing,plane,Barcelona
Alexander,Moore,59743,Chicago,41,Mountain hiking,cruise ship,Paris
Isabella,Thomas,67981,Barcelona,51,Cruise,car,Dubai
Nicholas,Garcia,68138,Sydney,66,Relaxation spa,car,Tokyo
Sophia,Miller,69663,Sydney,26,Safari,plane,Barcelona
Andrew,Jones,86124,Dublin,33,Safari,plane,New York
Michael,Smith,46726,Chicago,33,Historical sightseeing,train,New York
Mia,Moore,48722,Seoul,59,Historical sightseeing,cruise ship,Barcelona
Grace,Wilson,62838,Mumbai,28,Mountain hiking,cruise ship,Barcelona
Ava,Garcia,82286,San Francisco,58,Food tour,cruise ship,Dubai
Alexander,Brown,62988,Cape Town,32,Cruise,cruise ship,Dubai
Benjamin,White,77164,Sydney,51,Festival,plane,Dubai
David,White,69328,Sydney,39,Relaxation spa,cruise ship,New York
Mia,Taylor,89689,Sydney,44,Cruise,car,Barcelona
Daniel,Wilson,55871,Mumbai,67,Cruise,car,Barcelona
William,Johnson,65346,Toronto,54,Historical sightseeing,train,Dubai
Madison,Lopez,66528,Berlin,46,Relaxation spa,car,Paris
Sophie,Garcia,64246,Seattle,28,Food tour,cruise ship,New York
Olivia,Martin,57324,San Francisco,54,Food tour,car,Paris
Olivia,Smith,48392,Chicago,65,Food tour,car,Dubai
William,Smith,56595,Seoul,52,Festival,car,Barcelona
Alexander,Brown,57742,Beijing,34,Golf retreat,cruise ship,New York
Ava,Garcia,41287,Beijing,34,Relaxation spa,cruise ship,New York
Sophia,Garcia,88205,Berlin,53,Cruise,plane,New York
John,Lopez,47933,Seoul,61,Festival,train,Tokyo
Sophie,Martinez,56432,San Francisco,51,Safari,cruise ship,Tokyo
Daniel,Brown,47989,Barcelona,55,Cruise,train,Paris
Andrew,Anderson,85345,Beijing,58,Mountain hiking,cruise ship,Dubai
Isabella,Davis,56782,Chicago,60,Historical sightseeing,train,Tokyo
Nicholas,White,77679,Tokyo,62,Cruise,cruise ship,Dubai
Christopher,Thomas,86669,Sydney,53,Golf retreat,cruise ship,New York
John,Davis,77741,Seattle,25,Historical sightseeing,train,Tokyo
James,Taylor,67269,San Francisco,57,Golf retreat,plane,Barcelona
Ethan,Wilson,63615,Singapore,67,Mountain hiking,plane,Barcelona
Abigail,Thomas,66652,Sydney,55,Cruise,cruise ship,Dubai
Andrew,Wilson,56765,Dublin,29,Mountain hiking,cruise ship,Dubai
Emma,Wilson,78659,Singapore,62,Safari,car,Dubai
David,Jones,44241,Toronto,34,Cruise,train,Tokyo
Mia,Garcia,64393,Dublin,55,Mountain hiking,train,Tokyo
Olivia,Martinez,45511,San Francisco,42,Relaxation spa,train,New York
Abigail,Wilson,78362,Sydney,44,Safari,cruise ship,Barcelona
Sophie,Thomas,76877,Singapore,62,Historical sightseeing,cruise ship,Tokyo
Nicholas,Williams,52859,San Francisco,59,Safari,cruise ship,Dubai
Avery,Lopez,87780,Seoul,39,Cruise,cruise ship,Paris
David,Brown,80239,Barcelona,37,Food tour,car,New York
William,Thompson,45855,Tokyo,28,Relaxation spa,train,Dubai
Grace,Wilson,77009,Tokyo,28,Historical sightseeing,train,Dubai
Matthew,Garcia,51849,Tokyo,31,Mountain hiking,train,Tokyo
Emma,Anderson,41543,San Francisco,49,Historical sightseeing,cruise ship,Barcelona
John,Miller,42104,Sydney,25,Cruise,cruise ship,Barcelona
David,Wilson,57239,San Francisco,61,Cruise,cruise ship,New York
John,Harris,62577,Toronto,35,Mountain hiking,train,Tokyo
Andrew,White,44298,Cape Town,57,Mountain hiking,car,New York
James,Martin,73792,Singapore,58,Relaxation spa,car,Dubai
Alexander,Martinez,85962,San Francisco,34,Relaxation spa,train,Tokyo
Alexander,Davis,48454,Cape Town,49,Safari,train,Tokyo
Grace,Thomas,56275,Dublin,49,Historical sightseeing,train,Paris
Isabella,Wilson,62400,Chicago,36,Food tour,plane,New York
Emma,Williams,80412,Toronto,37,Golf retreat,plane,Barcelona
Grace,Garcia,48657,Cape Town,39,Cruise,cruise ship,New York
Grace,Lopez,79119,Barcelona,40,Historical sightseeing,plane,Barcelona
Daniel,Martin,56997,Seattle,51,Historical sightseeing,train,Paris
James,White,87874,Chicago,59,Festival,cruise ship,New York
William,Garcia,79236,Barcelona,47,Relaxation spa,cruise ship,Dubai
Olivia,White,83066,Tokyo,37,Festival,cruise ship,Dubai
John,Anderson,46384,Cape Town,51,Historical sightseeing,plane,New York
Michael,Smith,84959,Sydney,54,Food tour,cruise ship,Paris
Benjamin,Moore,55088,Dublin,27,Historical sightseeing,cruise ship,Dubai
Sophie,Martin,75324,Dublin,58,Food tour,car,New York
John,White,74688,Tokyo,56,Mountain hiking,car,Paris
Isabella,Jones,72353,Seattle,59,Relaxation spa,cruise ship,Paris
Alexander,Thomas,60489,San Francisco,53,Historical sightseeing,train,Barcelona
Christopher,Garcia,69401,San Francisco,68,Cruise,plane,Tokyo
Nicholas,Johnson,44773,Dublin,25,Cruise,car,Dubai
Madison,Martinez,55384,Seattle,28,Historical sightseeing,plane,New York
Olivia,Williams,44432,Sydney,39,Historical sightseeing,car,Dubai
Emma,Anderson,61956,San Francisco,52,Golf retreat,cruise ship,Tokyo
Abigail,Martinez,81420,Berlin,38,Safari,car,Paris
Matthew,Jackson,42964,Seattle,35,Food tour,train,Dubai
Benjamin,Martin,41114,Sydney,47,Mountain hiking,plane,Barcelona
Andrew,Williams,44376,Singapore,29,Golf retreat,plane,New York
Abigail,Johnson,83189,San Francisco,27,Relaxation spa,cruise ship,Dubai
Isabella,Brown,79483,Berlin,66,Relaxation spa,car,Paris
Isabella,White,44481,Dublin,30,Golf retreat,car,Barcelona
Grace,Thomas,60318,Cape Town,44,Cruise,train,New York
David,Moore,71498,Toronto,40,Historical sightseeing,car,Tokyo
Ava,Davis,49264,Sydney,28,Golf retreat,plane,Dubai
Matthew,Garcia,79757,Seoul,69,Safari,plane,Paris
Daniel,Jackson,79510,Cape Town,58,Food tour,cruise ship,Paris
Daniel,White,84771,Cape Town,50,Relaxation spa,cruise ship,Dubai
Madison,Jones,53490,Barcelona,48,Golf retreat,cruise ship,Paris
Sophie,Garcia,83720,San Francisco,57,Mountain hiking,train,Paris
Avery,Wilson,68509,Barcelona,67,Festival,cruise ship,New York
Alexander,Brown,44170,Tokyo,54,Relaxation spa,plane,Paris
Madison,Brown,54412,Barcelona,25,Cruise,cruise ship,Dubai
Ava,Brown,55034,Barcelona,37,Food tour,car,Paris
Ethan,Wilson,83848,Dublin,34,Relaxation spa,car,Barcelona
Emma,Thompson,81769,Seoul,29,Mountain hiking,plane,New York
Benjamin,Thompson,56306,Singapore,55,Food tour,car,Barcelona
Isabella,Garcia,53435,Mumbai,66,Historical sightseeing,car,New York
John,Moore,80524,Barcelona,27,Food tour,train,Dubai
Madison,Thomas,89027,San Francisco,67,Relaxation spa,train,Paris
Daniel,Johnson,44711,Barcelona,65,Relaxation spa,plane,New York
Andrew,Martinez,57135,Berlin,41,Relaxation spa,car,New York
Sophia,Miller,78832,Berlin,45,Festival,car,New York
James,Williams,87595,Berlin,34,Cruise,car,Dubai
Mia,Thomas,75617,Toronto,60,Historical sightseeing,plane,Barcelona
Grace,Lopez,83316,Cape Town,46,Safari,train,New York
Grace,Williams,65574,Toronto,38,Festival,cruise ship,Dubai
Benjamin,Smith,52631,Mumbai,60,Mountain hiking,cruise ship,New York
Alexander,Smith,52857,Dublin,36,Mountain hiking,plane,Barcelona
Isabella,Garcia,78854,Singapore,55,Mountain hiking,cruise ship,Barcelona
Avery,Brown,43731,Berlin,34,Mountain hiking,cruise ship,Paris
Sophia,Jones,53909,Barcelona,29,Cruise,train,Dubai
Isabella,Wilson,74190,Seoul,51,Golf retreat,train,Dubai
Nicholas,Jackson,60559,Berlin,35,Golf retreat,car,Barcelona
John,Martin,82132,Tokyo,26,Golf retreat,plane,Tokyo
Nicholas,Brown,59863,San Francisco,57,Mountain hiking,train,Barcelona
William,Lopez,82453,Singapore,58,Cruise,cruise ship,New York
Michael,Thompson,40571,Singapore,44,Golf retreat,plane,Dubai
Christopher,Jackson,52799,Toronto,28,Festival,plane,Dubai
Ethan,Harris,89503,Chicago,68,Historical sightseeing,train,Dubai
Christopher,Moore,58283,Cape Town,55,Historical sightseeing,plane,Paris
Nicholas,White,76774,Seoul,32,Mountain hiking,plane,Paris
Ava,Martinez,56634,Beijing,50,Mountain hiking,plane,Barcelona
Avery,Garcia,60787,Dublin,26,Safari,plane,Barcelona
Matthew,Moore,89399,Seattle,40,Golf retreat,plane,New York
Olivia,Jones,83036,Seattle,62,Food tour,car,Tokyo
Matthew,Miller,43645,Toronto,36,Festival,train,New York
Benjamin,Jackson,77309,Tokyo,46,Cruise,cruise ship,New York
Abigail,Jackson,49955,Toronto,49,Historical sightseeing,cruise ship,Paris
Ethan,Miller,73564,Mumbai,48,Mountain hiking,car,Tokyo
Michael,Martin,43145,Tokyo,29,Festival,train,Dubai
Avery,Martin,84975,Tokyo,52,Relaxation spa,plane,New York
Emily,Taylor,64232,Singapore,26,Golf retreat,car,Dubai
Daniel,White,59248,Tokyo,64,Relaxation spa,cruise ship,Paris
Daniel,Miller,67967,Beijing,54,Festival,cruise ship,Dubai
Olivia,Lopez,87138,Seattle,40,Safari,cruise ship,Paris
Nicholas,Wilson,73702,Sydney,32,Cruise,cruise ship,New York
James,Davis,46703,Toronto,57,Festival,car,Tokyo
John,Jones,68001,Seoul,39,Relaxation spa,car,Barcelona
Michael,Taylor,65701,Toronto,49,Food tour,plane,Barcelona
Michael,Miller,47815,Toronto,37,Mountain hiking,plane,Tokyo
John,Garcia,59739,San Francisco,40,Cruise,train,Tokyo
Emma,Moore,81781,Mumbai,37,Relaxation spa,car,Dubai
Sophia,Jones,51217,Toronto,31,Historical sightseeing,cruise ship,Tokyo
Sophie,Johnson,85554,Tokyo,29,Historical sightseeing,car,Paris
Avery,Smith,80966,Barcelona,62,Food tour,plane,Paris
Isabella,Johnson,48764,Sydney,51,Festival,plane,Dubai
Sophia,Lopez,87462,Berlin,30,Golf retreat,car,Paris
Emma,Wilson,72926,Berlin,41,Cruise,plane,Paris
Emma,Martin,53379,Sydney,67,Golf retreat,plane,Tokyo
Benjamin,Martin,43222,San Francisco,33,Food tour,train,Dubai
Alexander,Wilson,57972,Mumbai,43,Relaxation spa,train,Tokyo
Isabella,Taylor,74907,Tokyo,55,Cruise,plane,Tokyo
David,Martinez,41465,Dublin,45,Golf retreat,train,Barcelona
Alexander,Taylor,74533,San Francisco,70,Festival,car,Dubai
Sophie,Jackson,51148,Singapore,47,Festival,plane,Barcelona
Matthew,Williams,44287,Dublin,51,Golf retreat,train,Dubai
Daniel,Taylor,65837,Tokyo,53,Safari,car,Dubai
Michael,Martinez,46819,Toronto,44,Mountain hiking,cruise ship,Dubai
Daniel,Anderson,58604,Seoul,70,Festival,cruise ship,Paris
Abigail,Brown,85629,Tokyo,31,Festival,car,Barcelona
Michael,Lopez,41147,Toronto,54,Safari,cruise ship,Barcelona
David,Jackson,60736,Beijing,32,Mountain hiking,car,Tokyo
William,White,83050,Seoul,65,Historical sightseeing,car,New York
Alexander,Moore,66995,Mumbai,42,Historical sightseeing,train,New York
James,Thomas,46571,Seattle,68,Relaxation spa,train,Paris
Abigail,Taylor,72303,Mumbai,56,Mountain hiking,plane,Dubai
Alexander,Williams,69866,Beijing,50,Safari,train,Paris
Grace,Martin,87241,Dublin,55,Golf retreat,train,New York
Abigail,Johnson,72589,Toronto,67,Mountain hiking,train,New York
Avery,Martin,71933,Cape Town,50,Relaxation spa,cruise ship,Tokyo
James,Williams,71427,Toronto,31,Safari,cruise ship,New York
Matthew,Garcia,43181,Seoul,57,Cruise,plane,Dubai
Benjamin,Miller,43353,Sydney,69,Safari,plane,New York
Olivia,Moore,75488,Cape Town,61,Historical sightseeing,train,Paris
Madison,Moore,86708,Tokyo,27,Cruise,cruise ship,Barcelona
Christopher,Martinez,48804,Tokyo,34,Golf retreat,train,Dubai
Daniel,Williams,77316,Cape Town,46,Historical sightseeing,train,Tokyo
Daniel,Martin,44734,Berlin,44,Historical sightseeing,plane,Dubai
Mia,Jones,51801,Chicago,43,Mountain hiking,plane,New York
Emma,Jackson,61074,Beijing,40,Golf retreat,plane,New York
Emma,Williams,45115,Mumbai,68,Safari,plane,Barcelona
Christopher,Moore,76802,Singapore,28,Mountain hiking,cruise ship,New York
Nicholas,Miller,78639,Sydney,39,Historical sightseeing,train,Dubai
Emily,White,78806,Toronto,58,Food tour,train,Barcelona
David,Davis,54420,Seoul,34,Historical sightseeing,plane,Dubai
Emma,Smith,77207,Tokyo,40,Cruise,plane,Paris
Abigail,Lopez,85741,Cape Town,44,Relaxation spa,car,Tokyo
Sophie,Harris,57530,Barcelona,65,Golf retreat,plane,Tokyo
Alexander,White,75814,Berlin,55,Golf retreat,car,Tokyo
Isabella,Martinez,84763,Beijing,31,Food tour,car,Barcelona
Ethan,Taylor,85193,Cape Town,48,Historical sightseeing,car,Dubai
Grace,Williams,78895,Toronto,48,Festival,car,Tokyo
Madison,Lopez,63226,Sydney,58,Cruise,train,Dubai
Sophia,Davis,74247,Seoul,55,Historical sightseeing,plane,Barcelona
Olivia,Anderson,82229,Toronto,59,Safari,train,Barcelona
Mia,Jackson,71976,Barcelona,36,Relaxation spa,car,Dubai
Grace,Brown,82879,Dublin,38,Safari,cruise ship,Barcelona
James,Anderson,69814,Sydney,29,Cruise,train,Barcelona
Andrew,Anderson,77075,Tokyo,26,Golf retreat,plane,Tokyo
Michael,Jones,77236,Seattle,31,Golf retreat,train,Tokyo
Madison,Taylor,46680,Beijing,52,Mountain hiking,car,Paris
Christopher,Lopez,50644,San Francisco,30,Safari,car,Barcelona
James,Garcia,46222,Dublin,41,Cruise,train,Dubai
Emma,Williams,82842,Mumbai,70,Food tour,cruise ship,New York
William,Johnson,42660,Tokyo,37,Golf retreat,train,New York
Ethan,Williams,73297,Sydney,26,Safari,cruise ship,Barcelona
Sophie,Thomas,50293,Cape Town,54,Mountain hiking,plane,New York
Christopher,White,84729,Sydney,56,Golf retreat,plane,New York
David,Harris,69886,Sydney,55,Safari,plane,Tokyo
Michael,Miller,84475,Sydney,62,Mountain hiking,car,Paris
Andrew,Jackson,73105,Beijing,35,Historical sightseeing,plane,New York
Olivia,Thompson,75284,Cape Town,27,Festival,train,Dubai
Ava,Johnson,62038,Toronto,43,Mountain hiking,train,Barcelona
Christopher,Smith,80636,Seoul,60,Mountain hiking,plane,Barcelona
Nicholas,Lopez,64376,Chicago,26,Festival,plane,Paris
Mia,Miller,81318,Sydney,46,Relaxation spa,cruise ship,Dubai
Nicholas,Harris,55204,San Francisco,59,Golf retreat,cruise ship,New York
Abigail,Jackson,71678,Seoul,62,Food tour,train,Tokyo
Matthew,Martinez,61730,Singapore,67,Golf retreat,car,Paris
James,Martinez,70212,Berlin,26,Food tour,car,Barcelona
Mia,Garcia,85899,Beijing,38,Food tour,cruise ship,Dubai
Avery,Harris,66323,Barcelona,46,Festival,car,Dubai
Isabella,Smith,62694,San Francisco,53,Safari,cruise ship,Dubai
John,Wilson,85930,Seattle,25,Festival,plane,Paris
Alexander,Johnson,49403,Barcelona,32,Cruise,plane,Paris
David,Harris,70736,Seoul,38,Cruise,plane,Dubai
Nicholas,Smith,51417,Tokyo,61,Historical sightseeing,plane,Barcelona
Christopher,Wilson,67855,Dublin,31,Golf retreat,train,New York
Emily,Garcia,61436,Cape Town,54,Relaxation spa,plane,Paris
Daniel,Brown,74814,Tokyo,69,Safari,car,Barcelona
Grace,Miller,40591,Seattle,46,Mountain hiking,car,Dubai
Benjamin,Moore,68310,Tokyo,41,Food tour,plane,Paris
Abigail,Taylor,44685,Beijing,32,Safari,plane,Tokyo
Abigail,Brown,42520,Cape Town,65,Relaxation spa,cruise ship,Barcelona
Michael,Taylor,87317,Seoul,31,Food tour,car,Dubai
William,Thomas,75803,Seattle,49,Golf retreat,plane,Paris
Matthew,Martin,62007,Sydney,51,Golf retreat,cruise ship,Dubai
David,White,43108,Barcelona,46,Mountain hiking,car,Dubai
Abigail,Brown,75838,Tokyo,60,Relaxation spa,cruise ship,Tokyo
Sophie,Lopez,50195,Seattle,54,Relaxation spa,car,Tokyo
Matthew,Martinez,82262,Cape Town,54,Relaxation spa,plane,Paris
Daniel,Wilson,48278,Berlin,50,Cruise,train,Barcelona
James,Taylor,82393,Seoul,65,Safari,plane,Dubai
Ethan,Smith,58128,Berlin,35,Safari,train,Barcelona
Christopher,White,47507,Cape Town,34,Cruise,train,Paris
Benjamin,Thompson,49946,Mumbai,29,Safari,train,Barcelona
Nicholas,Martinez,66848,Tokyo,46,Food tour,cruise ship,Paris
Mia,Martin,47290,Toronto,63,Mountain hiking,train,Dubai
Michael,Thomas,58849,Berlin,64,Safari,car,Paris
Sophia,Miller,77193,Chicago,37,Festival,train,Tokyo
Benjamin,Martinez,75351,Seoul,66,Cruise,cruise ship,Paris
Christopher,Garcia,64958,Dublin,67,Cruise,train,New York
Emma,Martinez,81678,Sydney,70,Cruise,cruise ship,Paris
Christopher,Wilson,75091,Cape Town,61,Safari,cruise ship,New York
Ava,Williams,81291,Tokyo,46,Relaxation spa,cruise ship,Paris
Christopher,Garcia,61024,Mumbai,47,Safari,train,Barcelona
Sophia,Davis,88213,Cape Town,32,Cruise,train,Tokyo
David,Brown,68010,Berlin,64,Golf retreat,cruise ship,Barcelona
Christopher,Davis,87363,Tokyo,49,Mountain hiking,plane,Barcelona
Emily,Thompson,68998,Barcelona,51,Festival,car,Barcelona
Sophie,Thompson,87540,Seattle,55,Golf retreat,train,New York
Isabella,Thompson,59889,Singapore,62,Relaxation spa,cruise ship,New York
Matthew,Williams,82514,Berlin,67,Golf retreat,train,Barcelona
Madison,Thompson,49884,Singapore,64,Golf retreat,train,Dubai
Daniel,Johnson,62157,San Francisco,34,Food tour,cruise ship,Dubai
John,Thompson,43308,Cape Town,37,Golf retreat,train,Paris
Christopher,Brown,56404,Tokyo,55,Food tour,plane,Paris
Matthew,White,50050,Tokyo,55,Mountain hiking,train,Barcelona
Avery,Brown,84924,Beijing,48,Safari,train,New York
Avery,Thompson,79819,Sydney,35,Historical sightseeing,plane,Tokyo
Isabella,Anderson,46810,Barcelona,37,Golf retreat,cruise ship,New York
Olivia,Miller,52768,Seoul,43,Festival,car,New York
Ava,White,53022,Tokyo,27,Mountain hiking,plane,Tokyo
Grace,Davis,47774,San Francisco,65,Golf retreat,car,Barcelona
David,Lopez,64079,San Francisco,34,Golf retreat,plane,Tokyo
Andrew,White,67312,Singapore,39,Relaxation spa,cruise ship,New York
Sophie,Jones,67863,Berlin,69,Festival,car,Paris
David,Garcia,52966,Beijing,38,Safari,train,New York
Isabella,Lopez,82155,Barcelona,27,Cruise,car,Tokyo
Michael,Thompson,41790,Dublin,30,Historical sightseeing,car,Dubai
James,Wilson,72591,Sydney,28,Relaxation spa,cruise ship,Dubai
Michael,Taylor,40523,San Francisco,44,Safari,car,Tokyo
Christopher,Davis,59965,Sydney,36,Mountain hiking,car,Barcelona
David,Smith,47775,Barcelona,49,Food tour,plane,Barcelona
Emily,Wilson,51344,Cape Town,37,Relaxation spa,cruise ship,Paris
Sophie,Johnson,88546,Toronto,68,Historical sightseeing,car,Paris
James,Jones,46165,Cape Town,49,Historical sightseeing,car,New York
Abigail,Martin,84373,Berlin,30,Golf retreat,train,Dubai
Grace,Thompson,69239,Barcelona,37,Festival,train,Dubai
Benjamin,Wilson,64442,Barcelona,25,Historical sightseeing,train,Paris
Mia,Jones,49207,Mumbai,37,Festival,train,Dubai
Abigail,Brown,44997,Barcelona,57,Safari,cruise ship,Dubai
Olivia,Miller,49807,Sydney,57,Relaxation spa,train,Dubai
Alexander,Moore,75295,Toronto,44,Mountain hiking,car,Barcelona
Isabella,Taylor,57069,Barcelona,33,Mountain hiking,plane,New York
Isabella,White,42786,Barcelona,46,Historical sightseeing,train,Tokyo
Sophia,Williams,78267,Beijing,40,Festival,plane,Tokyo
Ethan,Taylor,47354,Chicago,65,Cruise,cruise ship,Paris
Alexander,Thomas,81372,Dublin,50,Relaxation spa,cruise ship,Tokyo
Andrew,Anderson,65349,Tokyo,32,Relaxation spa,train,New York
Alexander,Davis,73302,Barcelona,30,Relaxation spa,car,New York
William,Jones,47196,Sydney,31,Historical sightseeing,cruise ship,New York
Ava,Taylor,88113,Sydney,46,Golf retreat,car,Dubai
Andrew,Martin,45638,Seoul,31,Historical sightseeing,plane,Barcelona
Madison,Anderson,59596,Seoul,57,Mountain hiking,train,Paris
Avery,Johnson,48799,Beijing,51,Festival,car,New York
David,Martin,54873,Chicago,38,Safari,plane,Barcelona
Emily,Martinez,50390,Seoul,66,Cruise,car,Tokyo
Matthew,Anderson,86275,Singapore,36,Historical sightseeing,car,Barcelona
Sophia,Smith,59601,Sydney,68,Relaxation spa,car,Paris
David,Thomas,60039,Sydney,60,Historical sightseeing,train,Barcelona
Michael,Johnson,74813,Dublin,25,Safari,cruise ship,Barcelona
James,Taylor,77617,Tokyo,52,Historical sightseeing,car,New York
Abigail,Martinez,78658,San Francisco,66,Mountain hiking,train,Barcelona
Emma,Martin,79530,Sydney,55,Relaxation spa,cruise ship,Tokyo
Ava,Martinez,61030,Chicago,57,Safari,car,Tokyo
Emma,Thomas,45848,Toronto,41,Mountain hiking,train,New York
Isabella,Wilson,89038,Sydney,66,Safari,cruise ship,Tokyo
John,Thompson,89439,Singapore,30,Food tour,cruise ship,Dubai
Grace,Brown,43031,Sydney,39,Festival,train,New York
Sophie,Moore,68441,Berlin,57,Relaxation spa,cruise ship,Barcelona
David,Miller,87372,Beijing,44,Golf retreat,car,Tokyo
Emma,Smith,85757,Berlin,48,Food tour,train,Paris
Matthew,Harris,45180,Berlin,68,Safari,plane,Tokyo
Mia,Anderson,70297,Chicago,55,Food tour,train,Tokyo
Nicholas,Harris,67589,Dublin,43,Historical sightseeing,train,Dubai
Avery,Wilson,41549,San Francisco,35,Cruise,plane,Dubai
William,Moore,57850,Singapore,38,Festival,plane,Barcelona
Grace,Williams,61184,Mumbai,36,Festival,car,Dubai
Abigail,Garcia,52674,Seattle,31,Golf retreat,train,New York
Mia,Lopez,52770,Dublin,59,Safari,train,Dubai
Avery,Williams,65176,Toronto,70,Food tour,plane,Tokyo
Nicholas,Williams,57625,Chicago,34,Relaxation spa,cruise ship,Barcelona
Avery,Smith,44448,San Francisco,45,Food tour,plane,Paris
Christopher,Wilson,73014,Mumbai,61,Festival,train,Paris
William,Anderson,79261,Barcelona,45,Historical sightseeing,train,Dubai
Michael,Lopez,58687,Barcelona,53,Relaxation spa,plane,Tokyo
Sophie,Thomas,65901,Toronto,65,Relaxation spa,plane,Tokyo
Emily,Jones,72904,Sydney,28,Mountain hiking,train,Paris
Madison,Johnson,88395,Singapore,64,Festival,train,New York
David,Johnson,40796,Seattle,49,Festival,cruise ship,Barcelona
Mia,Jackson,71521,Seoul,64,Golf retreat,plane,Paris
William,White,46879,Seattle,67,Golf retreat,train,Barcelona
Ava,Garcia,53996,San Francisco,41,Relaxation spa,car,Paris
Ethan,Lopez,75317,Seoul,54,Food tour,car,Paris
Emily,Davis,60781,Chicago,61,Cruise,plane,Tokyo
Nicholas,Williams,87449,Mumbai,25,Historical sightseeing,train,New York
Nicholas,Lopez,83380,Berlin,47,Festival,plane,Paris
Michael,Moore,83936,Chicago,64,Golf retreat,car,Tokyo
Grace,Thompson,84150,Dublin,53,Festival,plane,Barcelona
Alexander,Thompson,66383,Berlin,36,Historical sightseeing,plane,Tokyo
Matthew,White,44460,Seattle,43,Festival,cruise ship,Paris
Avery,Thomas,58629,Chicago,32,Food tour,cruise ship,Tokyo
Olivia,Miller,66269,San Francisco,25,Cruise,plane,Paris
Matthew,Brown,85117,Dublin,25,Relaxation spa,plane,Dubai
Grace,Lopez,72185,Beijing,60,Mountain hiking,cruise ship,Dubai
Matthew,Moore,79369,Tokyo,39,Cruise,plane,New York
Olivia,Jackson,40205,Dublin,38,Relaxation spa,plane,New York
David,Lopez,79107,Singapore,26,Mountain hiking,plane,Barcelona
Grace,Brown,58941,Tokyo,42,Cruise,train,Paris
Nicholas,Garcia,56547,Chicago,28,Historical sightseeing,car,Paris
David,Thompson,77593,Tokyo,65,Relaxation spa,car,Barcelona
Abigail,Thomas,76833,Seoul,34,Mountain hiking,car,Tokyo
Sophia,Taylor,83813,Chicago,35,Cruise,car,New York
Abigail,White,46983,San Francisco,36,Festival,plane,Paris
Ethan,Garcia,83821,Seattle,55,Mountain hiking,plane,Dubai
Ethan,Miller,43445,Sydney,51,Safari,train,Tokyo
Ava,Johnson,81984,Mumbai,44,Cruise,train,Dubai
William,Smith,59298,Seoul,61,Mountain hiking,car,Dubai
Abigail,Wilson,65926,Cape Town,32,Historical sightseeing,plane,Dubai
Ethan,Thompson,89276,Mumbai,63,Relaxation spa,plane,Barcelona
Michael,Jones,69720,Seoul,34,Mountain hiking,cruise ship,Tokyo
Benjamin,Anderson,69789,Barcelona,31,Cruise,plane,Tokyo
James,Smith,51021,Mumbai,47,Mountain hiking,plane,Tokyo
Christopher,Jackson,67462,Sydney,34,Cruise,plane,Dubai
Mia,Garcia,74551,Sydney,70,Relaxation spa,plane,Dubai
Ethan,Wilson,53953,Chicago,53,Historical sightseeing,plane,New York
Emma,Miller,41851,Dublin,66,Festival,train,Barcelona
David,Wilson,51892,Tokyo,70,Historical sightseeing,plane,Barcelona
Olivia,Moore,65929,Tokyo,60,Festival,car,Paris
Christopher,Harris,86088,Dublin,56,Festival,train,Barcelona
Abigail,Johnson,44533,Beijing,69,Historical sightseeing,cruise ship,New York
Isabella,Smith,47032,Singapore,28,Mountain hiking,cruise ship,Paris
Alexander,Martinez,73879,Tokyo,48,Festival,train,Tokyo
Ethan,Davis,47053,Beijing,58,Food tour,cruise ship,Barcelona
William,Smith,68902,Seoul,26,Festival,cruise ship,New York
William,Davis,60225,Toronto,51,Historical sightseeing,car,Barcelona
Ethan,Thomas,65265,Dublin,58,Safari,car,Dubai
Abigail,Wilson,71272,Sydney,57,Historical sightseeing,cruise ship,Dubai
Emma,Jones,44783,Dublin,34,Mountain hiking,car,Paris
Benjamin,Davis,44665,Dublin,62,Relaxation spa,train,New York
Madison,Williams,76008,San Francisco,69,Cruise,plane,Dubai
William,Brown,52192,Dublin,61,Relaxation spa,car,Paris
Avery,Taylor,54384,Tokyo,66,Food tour,train,Barcelona
Sophia,Jackson,42958,Seattle,27,Golf retreat,cruise ship,Barcelona
Olivia,Wilson,72215,Beijing,45,Festival,cruise ship,Tokyo
John,Jackson,44338,Seoul,34,Food tour,plane,Barcelona
Emma,Jackson,54684,Tokyo,50,Historical sightseeing,cruise ship,New York
Alexander,Moore,84214,Sydney,60,Safari,car,Barcelona
Matthew,Wilson,71545,Sydney,36,Golf retreat,plane,Dubai
Andrew,Johnson,63925,Cape Town,48,Historical sightseeing,train,Dubai
Ava,Johnson,75426,Seoul,30,Historical sightseeing,train,Barcelona
Sophie,Taylor,58211,Sydney,61,Safari,train,Barcelona
Grace,Smith,85647,Seoul,54,Relaxation spa,car,Dubai
John,Brown,44388,Sydney,54,Festival,car,Barcelona
Sophie,Anderson,68972,Sydney,38,Golf retreat,plane,Tokyo
Grace,Brown,52439,Barcelona,69,Mountain hiking,car,Barcelona
Christopher,Miller,54242,San Francisco,60,Safari,train,Barcelona
Daniel,Harris,87668,Tokyo,33,Safari,plane,New York
William,Brown,84139,Barcelona,49,Food tour,cruise ship,Barcelona
Grace,Brown,53504,Sydney,52,Golf retreat,plane,Barcelona
Andrew,Anderson,45868,Singapore,48,Relaxation spa,plane,Dubai
Grace,Jackson,88527,Beijing,55,Relaxation spa,cruise ship,New York
Olivia,Garcia,77353,Mumbai,41,Safari,cruise ship,Tokyo
Sophia,Harris,50011,Tokyo,29,Historical sightseeing,plane,Dubai
Grace,Martin,70939,Dublin,65,Festival,cruise ship,Barcelona
Madison,Miller,61228,Mumbai,48,Festival,train,Paris
Ava,White,41311,Seoul,36,Safari,plane,Dubai
David,Martinez,56152,Seoul,58,Cruise,plane,New York
Ava,Martin,64374,Tokyo,41,Safari,train,Barcelona
Emma,Garcia,61711,Berlin,57,Relaxation spa,plane,Tokyo
Madison,Martinez,75477,Berlin,56,Safari,train,Tokyo
Emma,Jackson,56896,Sydney,43,Safari,train,Paris
David,Martinez,59326,Mumbai,59,Food tour,car,Tokyo
Emma,Moore,80772,Seoul,25,Festival,car,Dubai
Emma,Moore,44922,Tokyo,59,Safari,car,Dubai
Olivia,Taylor,74400,Chicago,43,Golf retreat,cruise ship,Tokyo
Christopher,Garcia,83054,Tokyo,35,Mountain hiking,train,New York
Andrew,Martin,47035,Sydney,54,Cruise,car,New York
Sophia,Anderson,70257,Mumbai,35,Historical sightseeing,plane,New York
Madison,Anderson,57461,Cape Town,64,Food tour,train,Barcelona
Andrew,Brown,53173,San Francisco,33,Relaxation spa,plane,Dubai
Ava,Martinez,80548,Berlin,58,Historical sightseeing,car,Tokyo
Olivia,Thomas,79857,Cape Town,33,Safari,train,Paris
Matthew,Williams,41546,Seoul,44,Relaxation spa,cruise ship,Barcelona
Christopher,Thompson,88542,Tokyo,35,Cruise,cruise ship,Tokyo
William,Martinez,61013,Beijing,62,Historical sightseeing,plane,Dubai
Benjamin,Taylor,54356,Singapore,67,Safari,plane,Tokyo
Ethan,White,52157,Cape Town,34,Food tour,car,Dubai
Olivia,Anderson,59417,Beijing,60,Mountain hiking,train,New York
Nicholas,Martinez,70343,San Francisco,50,Relaxation spa,cruise ship,Dubai
Ava,Lopez,54639,Chicago,42,Golf retreat,train,Barcelona
Matthew,Jackson,77139,Seattle,41,Mountain hiking,plane,Paris
Alexander,Garcia,55638,Sydney,46,Golf retreat,car,Barcelona
William,Williams,76992,Chicago,59,Relaxation spa,car,Tokyo
Abigail,Williams,83031,Tokyo,56,Golf retreat,car,Tokyo
Ava,Smith,44604,San Francisco,59,Cruise,train,Barcelona
Nicholas,Taylor,68839,Sydney,69,Mountain hiking,car,Paris
Isabella,Garcia,64984,Seoul,44,Relaxation spa,plane,Paris
Andrew,Miller,58963,Tokyo,29,Safari,plane,Paris
David,Moore,57841,Sydney,44,Cruise,cruise ship,Dubai
Mia,White,80856,Berlin,25,Relaxation spa,car,Dubai
Grace,Martin,88750,Tokyo,65,Safari,plane,New York
Alexander,Wilson,70777,Barcelona,31,Relaxation spa,cruise ship,New York
Ava,Taylor,86748,Tokyo,70,Golf retreat,car,Tokyo
Olivia,White,68339,Seattle,70,Golf retreat,cruise ship,New York
Isabella,Brown,46981,Chicago,52,Historical sightseeing,train,New York
Mia,Martin,75542,Dublin,58,Golf retreat,plane,New York
Daniel,Garcia,77305,Beijing,46,Festival,car,New York
Nicholas,Jackson,40609,Toronto,33,Relaxation spa,cruise ship,Tokyo
Alexander,Miller,75598,Barcelona,50,Festival,plane,Dubai
Daniel,Taylor,81583,Sydney,41,Mountain hiking,train,Tokyo
Sophia,Jones,62813,Berlin,44,Relaxation spa,cruise ship,New York
James,Harris,74522,Chicago,54,Safari,cruise ship,Dubai
Matthew,Taylor,58536,Berlin,56,Historical sightseeing,cruise ship,Dubai
William,Taylor,48499,Seoul,33,Cruise,plane,Barcelona
James,Lopez,57233,Tokyo,53,Food tour,plane,Barcelona
Alexander,White,79911,San Francisco,45,Safari,cruise ship,Tokyo
James,Davis,80668,Toronto,44,Golf retreat,car,New York
Avery,Wilson,82279,Dublin,40,Cruise,train,Paris
Sophie,Harris,73060,Sydney,26,Safari,train,Barcelona
Mia,Jones,61375,Barcelona,60,Safari,plane,Tokyo
William,Miller,85457,Mumbai,69,Historical sightseeing,cruise ship,Paris
Andrew,Thompson,88352,Sydney,41,Food tour,cruise ship,Paris
Matthew,White,51704,Beijing,46,Relaxation spa,plane,Barcelona
Madison,Smith,53836,Chicago,32,Golf retreat,plane,Barcelona
Alexander,Miller,43913,Beijing,25,Mountain hiking,train,Tokyo
Isabella,Wilson,89878,Cape Town,56,Golf retreat,car,Tokyo
William,Lopez,82567,Chicago,46,Mountain hiking,plane,Tokyo
Benjamin,Martinez,79405,Dublin,64,Safari,train,Dubai
Emily,Miller,57451,Seoul,54,Food tour,plane,New York
Daniel,Jackson,48846,Sydney,68,Food tour,train,Dubai
Christopher,Martin,53041,Sydney,44,Food tour,plane,Dubai
Abigail,Lopez,55900,Seattle,56,Historical sightseeing,car,Tokyo
Matthew,Jones,49115,Toronto,66,Relaxation spa,car,Barcelona
Isabella,Smith,44904,Seoul,69,Safari,cruise ship,Paris
Mia,Thomas,45056,San Francisco,41,Safari,plane,Barcelona
Nicholas,Smith,75343,San Francisco,70,Food tour,car,Paris
Emma,Smith,61612,Dublin,69,Historical sightseeing,car,Paris
Matthew,Thompson,44549,Toronto,53,Festival,car,Tokyo
Andrew,Lopez,77856,Beijing,30,Mountain hiking,plane,Paris
Emily,Smith,87343,Seoul,67,Historical sightseeing,train,Barcelona
Emma,Miller,53197,Tokyo,70,Golf retreat,train,Barcelona
Ava,Garcia,65077,Seoul,64,Food tour,train,Tokyo
Isabella,Johnson,66254,Tokyo,63,Golf retreat,train,New York
Ava,Johnson,51657,Barcelona,64,Golf retreat,car,Barcelona
Abigail,White,61854,Chicago,68,Safari,plane,New York
Alexander,Lopez,60099,Dublin,38,Cruise,plane,Dubai
Christopher,Thompson,40576,Dublin,25,Festival,plane,Tokyo
Avery,Martinez,60199,Sydney,60,Food tour,cruise ship,Barcelona
Nicholas,Wilson,54107,Cape Town,53,Food tour,train,New York
Madison,Lopez,59375,Tokyo,40,Relaxation spa,car,Barcelona
Alexander,Johnson,40479,Sydney,40,Festival,train,Paris
Sophia,Williams,72244,Tokyo,52,Festival,train,Dubai
Sophia,Jones,60484,Mumbai,25,Food tour,train,Paris
David,Lopez,55101,Tokyo,59,Relaxation spa,car,New York
Isabella,Jones,43579,Mumbai,57,Relaxation spa,train,Dubai
Alexander,Williams,68245,San Francisco,58,Historical sightseeing,cruise ship,Tokyo
William,Williams,41507,Mumbai,57,Relaxation spa,plane,New York
Madison,Garcia,70021,Mumbai,31,Food tour,car,Tokyo
Michael,Moore,49976,San Francisco,34,Food tour,plane,Barcelona
Olivia,Garcia,65453,Toronto,60,Food tour,plane,Tokyo
Isabella,Garcia,56909,Dublin,41,Golf retreat,plane,Paris
Madison,Johnson,42960,Seattle,33,Cruise,cruise ship,Barcelona
Ava,Wilson,76018,Chicago,29,Safari,car,Paris
Benjamin,Moore,61639,Singapore,65,Historical sightseeing,plane,Barcelona
Avery,Thompson,41765,Sydney,59,Food tour,cruise ship,Dubai
James,Taylor,44049,Tokyo,36,Cruise,plane,Dubai
Isabella,Lopez,73210,Barcelona,49,Golf retreat,plane,Dubai
Andrew,Jackson,44124,San Francisco,65,Golf retreat,train,Barcelona
Matthew,Thomas,69326,Barcelona,41,Mountain hiking,car,Tokyo
Mia,Lopez,68923,Sydney,37,Mountain hiking,plane,Paris
Sophie,Johnson,42896,Chicago,53,Safari,car,Barcelona
Isabella,Martin,74420,Berlin,55,Relaxation spa,plane,Barcelona
Grace,Jackson,50845,San Francisco,62,Cruise,cruise ship,Tokyo
Isabella,Johnson,51541,Tokyo,57,Food tour,train,Dubai
Nicholas,Jones,65229,Sydney,59,Relaxation spa,cruise ship,Tokyo
David,Garcia,55182,Dublin,45,Mountain hiking,car,Dubai
Ava,Davis,71130,Singapore,36,Relaxation spa,plane,Tokyo
Madison,Taylor,70210,Beijing,35,Cruise,cruise ship,Dubai
Emily,Moore,65143,Sydney,35,Safari,cruise ship,Paris
Madison,Jackson,87250,Seattle,61,Cruise,train,Tokyo
Alexander,Moore,44826,Singapore,27,Relaxation spa,cruise ship,Barcelona
Andrew,Wilson,71613,Tokyo,64,Festival,train,Dubai
Ethan,Anderson,78390,Beijing,58,Safari,train,Paris
Daniel,Thompson,58575,Chicago,66,Festival,car,New York
Daniel,Lopez,68109,Seoul,66,Safari,plane,Tokyo
Daniel,Lopez,76803,Sydney,63,Mountain hiking,plane,Paris
James,Martinez,73632,Seattle,28,Historical sightseeing,cruise ship,Dubai
Isabella,White,46687,Toronto,41,Cruise,car,Dubai
Ethan,Smith,78663,Beijing,31,Food tour,cruise ship,Tokyo
Grace,Brown,50071,Tokyo,60,Festival,train,Barcelona
Ethan,Thompson,79405,Barcelona,67,Cruise,plane,Dubai
James,Thomas,40724,Berlin,53,Festival,cruise ship,Tokyo
Olivia,Anderson,66275,Dublin,41,Safari,car,Paris
Andrew,Garcia,44446,Mumbai,38,Cruise,plane,Tokyo
Ava,Anderson,88192,San Francisco,43,Historical sightseeing,cruise ship,Dubai
Matthew,Moore,70311,Berlin,52,Relaxation spa,car,New York
James,Harris,80037,Singapore,63,Mountain hiking,car,Tokyo
Daniel,Wilson,72061,Sydney,30,Historical sightseeing,train,New York
Alexander,Wilson,74788,Beijing,35,Safari,plane,New York
Mia,Lopez,43363,Seoul,68,Safari,cruise ship,Tokyo
Nicholas,Taylor,68818,Sydney,32,Mountain hiking,plane,Dubai
Emma,Thomas,48430,Tokyo,40,Safari,car,Paris
James,Johnson,70381,Mumbai,50,Safari,train,Tokyo
Daniel,Thompson,55309,San Francisco,36,Food tour,car,Tokyo
Ava,Davis,77005,Cape Town,26,Festival,train,Tokyo
Emily,Miller,58251,Seoul,33,Mountain hiking,cruise ship,Paris
Avery,White,55458,Barcelona,65,Festival,plane,Barcelona
Michael,Lopez,76344,Tokyo,60,Relaxation spa,car,Tokyo
Sophie,Smith,58945,Dublin,41,Golf retreat,train,New York
Emily,Martin,80511,Sydney,47,Food tour,plane,Tokyo
Matthew,Smith,80617,Seoul,68,Relaxation spa,plane,Dubai
Ethan,White,66411,Mumbai,35,Cruise,train,Dubai
Matthew,Jones,85210,Dublin,41,Cruise,car,Tokyo
Christopher,Smith,87661,Singapore,49,Relaxation spa,car,Tokyo
Alexander,Moore,55145,Seoul,57,Festival,car,Dubai
Michael,Johnson,42894,Berlin,30,Food tour,plane,Dubai
James,Williams,80176,Tokyo,63,Food tour,car,Barcelona
Ava,Johnson,82230,Mumbai,54,Festival,train,New York
Andrew,Martinez,67435,Berlin,39,Mountain hiking,cruise ship,Paris
Mia,Smith,68912,Seattle,67,Cruise,car,Paris
Christopher,Brown,77532,Barcelona,59,Food tour,plane,Dubai
Benjamin,Wilson,66901,San Francisco,44,Festival,cruise ship,Barcelona
David,Lopez,46426,Toronto,35,Festival,plane,New York
Andrew,Jones,47842,Tokyo,33,Food tour,plane,Paris
John,Smith,51803,Beijing,45,Relaxation spa,car,Dubai
Ethan,Garcia,62616,Sydney,57,Festival,plane,Barcelona
Christopher,Taylor,48584,Chicago,28,Relaxation spa,car,Paris
Abigail,Williams,59776,Mumbai,64,Cruise,cruise ship,Paris
Ethan,Jones,56144,Singapore,29,Relaxation spa,cruise ship,Dubai
Ava,Jackson,69248,Beijing,53,Relaxation spa,plane,Paris
Mia,Garcia,60736,Berlin,45,Cruise,train,Barcelona
Sophie,Miller,68247,Berlin,52,Festival,car,Paris
Michael,Lopez,44412,Berlin,61,Festival,car,New York
Ethan,Davis,40221,Seattle,59,Golf retreat,car,Tokyo
Ethan,Harris,76029,Cape Town,43,Relaxation spa,car,Tokyo
Ava,Martinez,77325,Mumbai,46,Cruise,car,Barcelona
Michael,Thompson,66415,Dublin,46,Mountain hiking,train,Tokyo
Alexander,Wilson,59913,Sydney,33,Relaxation spa,car,Tokyo
James,Davis,64653,Barcelona,51,Cruise,cruise ship,Barcelona
James,Anderson,59756,Tokyo,60,Festival,cruise ship,Barcelona
Benjamin,Williams,54847,Chicago,37,Festival,plane,Tokyo
Matthew,White,73320,Beijing,44,Cruise,plane,Tokyo
Sophie,Johnson,52655,Sydney,64,Cruise,plane,New York
Daniel,Martinez,61511,Chicago,26,Mountain hiking,cruise ship,Tokyo
Ava,Miller,68095,Cape Town,60,Golf retreat,car,New York
David,Jones,40064,Beijing,36,Historical sightseeing,cruise ship,Dubai
Daniel,Martin,47842,Singapore,63,Cruise,plane,Barcelona
Madison,Thomas,55742,Sydney,65,Safari,car,Paris
Madison,Martinez,78263,Beijing,55,Mountain hiking,cruise ship,Paris
Emma,Jackson,57177,Toronto,58,Historical sightseeing,train,Tokyo
Daniel,Williams,89946,Barcelona,25,Historical sightseeing,train,Barcelona
John,Thomas,77369,Chicago,68,Relaxation spa,cruise ship,Paris
John,Williams,53998,Mumbai,27,Historical sightseeing,train,Dubai
David,Thompson,88378,Berlin,59,Food tour,plane,Tokyo
James,Thomas,60481,Dublin,63,Cruise,cruise ship,Paris
Grace,Taylor,82045,Seattle,66,Safari,car,New York
John,Anderson,43022,Sydney,29,Golf retreat,cruise ship,New York
Sophie,Taylor,71106,Seattle,46,Golf retreat,train,New York
Andrew,Thompson,80386,Sydney,52,Food tour,plane,New York
Michael,Jackson,56969,Sydney,68,Golf retreat,plane,Tokyo
James,Miller,85450,Dublin,38,Mountain hiking,train,Barcelona
Isabella,Harris,43062,Seattle,46,Mountain hiking,plane,New York
William,Brown,60669,Berlin,67,Historical sightseeing,car,Tokyo
Emily,Taylor,42447,Tokyo,64,Golf retreat,cruise ship,Dubai
Ava,Martinez,52737,Tokyo,29,Relaxation spa,plane,Paris
Isabella,Jackson,89611,Sydney,59,Golf retreat,plane,Dubai
Mia,Harris,63410,Sydney,37,Cruise,cruise ship,New York
Abigail,Thomas,42128,Sydney,57,Festival,cruise ship,Dubai
Christopher,Anderson,89260,Dublin,38,Safari,plane,Dubai
Olivia,Garcia,40393,Chicago,69,Cruise,train,Dubai
Isabella,Martin,77347,Chicago,69,Festival,cruise ship,New York
Avery,Wilson,73319,Beijing,51,Festival,train,Barcelona
Isabella,Jackson,52885,Beijing,25,Food tour,car,Dubai
