name,second_name,salary,city,age,vacation_prefer,transport_prefer,target
James,Jackson,51902,Dublin,31,Golf retreat,plane,Dubai
Olivia,Anderson,84130,Seoul,39,Safari,train,New York
Michael,White,82032,Chicago,35,Cruise,train,Paris
William,Anderson,49010,Singapore,41,Relaxation spa,car,Barcelona
Emma,Thompson,60170,Toronto,61,Historical sightseeing,car,Tokyo
Madison,White,87804,Chicago,65,Mountain hiking,train,Barcelona
Ethan,Moore,43795,Toronto,41,Golf retreat,plane,New York
Emily,Taylor,64821,Chicago,70,Golf retreat,cruise ship,Tokyo
Michael,Moore,69561,Beijing,64,Relaxation spa,plane,New York
Emily,Moore,82446,Singapore,61,Festival,cruise ship,Tokyo
Nicholas,Lopez,46005,Seattle,65,Cruise,plane,Dubai
Andrew,Garcia,59545,Berlin,56,Cruise,train,Dubai
William,Miller,87427,Barcelona,33,Relaxation spa,car,New York
Benjamin,Martinez,41370,Toronto,27,Relaxation spa,cruise ship,Barcelona
David,Taylor,77009,Sydney,41,Mountain hiking,cruise ship,Paris
James,Jones,85518,Barcelona,64,Golf retreat,cruise ship,Barcelona
Christopher,Jackson,64334,Berlin,63,Historical sightseeing,plane,Dubai
Sophia,Anderson,88929,Tokyo,49,Safari,train,Dubai
Ava,Jones,61923,Mumbai,56,Golf retreat,plane,Paris
Andrew,Martinez,78280,Dublin,27,Relaxation spa,car,Barcelona
Emily,Brown,72566,Beijing,53,Relaxation spa,train,Barcelona
David,Smith,42575,Cape Town,36,Safari,cruise ship,Paris
David,Martinez,83472,Toronto,38,Historical sightseeing,plane,New York
Christopher,Smith,81668,Beijing,48,Golf retreat,cruise ship,Tokyo
Ava,Brown,68907,Sydney,26,Safari,cruise ship,Tokyo
James,Smith,65720,Chicago,25,Cruise,cruise ship,Dubai
Sophie,Martinez,83766,Seattle,35,Relaxation spa,plane,New York
Grace,Johnson,42661,Seoul,30,Golf retreat,cruise ship,Tokyo
Andrew,Jackson,63913,Beijing,33,Festival,train,New York
Matthew,Moore,69391,Berlin,40,Safari,car,New York
David,Anderson,46744,Berlin,33,Historical sightseeing,plane,Tokyo
Nicholas,Anderson,54518,Beijing,33,Relaxation spa,car,New York
John,Jones,44154,Chicago,51,Mountain hiking,plane,Tokyo
Sophie,Anderson,54005,Singapore,36,Relaxation spa,car,Dubai
John,Smith,81003,Seattle,67,Relaxation spa,cruise ship,New York
Isabella,Brown,67554,Toronto,32,Mountain hiking,car,Paris
Matthew,Williams,85875,Barcelona,32,Cruise,car,Tokyo
John,Garcia,44963,Singapore,54,Mountain hiking,plane,Dubai
Grace,Thomas,75162,Berlin,58,Safari,car,New York
Abigail,Williams,44831,Barcelona,33,Historical sightseeing,train,Paris
Ethan,Moore,71899,Singapore,60,Food tour,car,Barcelona
Abigail,Harris,66283,Seoul,30,Festival,train,New York
David,White,43719,Beijing,65,Relaxation spa,train,New York
Sophia,Miller,66662,San Francisco,35,Golf retreat,car,Dubai
William,Jackson,72763,Tokyo,28,Festival,plane,New York
Andrew,Miller,54147,Tokyo,56,Festival,plane,New York
Ethan,White,42573,Sydney,62,Festival,cruise ship,Paris
Ethan,Lopez,81974,Singapore,31,Historical sightseeing,cruise ship,Barcelona
Grace,Brown,52743,Dublin,59,Food tour,train,Dubai
James,Wilson,75538,Cape Town,68,Historical sightseeing,car,New York
Abigail,Thomas,41521,Sydney,67,Historical sightseeing,plane,Paris
Sophie,Martin,64828,Cape Town,50,Relaxation spa,cruise ship,New York
Mia,Williams,61733,Seoul,54,Safari,cruise ship,Paris
Emily,Martin,45071,Cape Town,49,Safari,cruise ship,Tokyo
James,Martin,42619,Seoul,46,Food tour,plane,Dubai
Mia,White,45653,Toronto,35,Cruise,plane,Paris
Mia,Taylor,71909,Beijing,61,Historical sightseeing,train,Tokyo
Nicholas,Anderson,58396,Singapore,28,Festival,train,Barcelona
Benjamin,Johnson,89693,Seoul,25,Historical sightseeing,train,Barcelona
Isabella,Johnson,48332,Seoul,40,Mountain hiking,car,Tokyo
Michael,Harris,62604,Dublin,59,Relaxation spa,plane,Paris
Olivia,White,55018,Mumbai,66,Mountain hiking,cruise ship,Tokyo
Benjamin,Johnson,75231,Barcelona,37,Relaxation spa,train,Paris
Daniel,Thompson,48470,Seattle,43,Food tour,cruise ship,New York
Matthew,Martinez,87959,Tokyo,69,Food tour,cruise ship,Tokyo
Benjamin,Lopez,83810,Mumbai,42,Festival,car,Tokyo
Sophie,Smith,43371,Dublin,67,Relaxation spa,car,Paris
Ava,Johnson,88365,Mumbai,31,Golf retreat,train,Dubai
Mia,Moore,87206,Chicago,56,Relaxation spa,train,Tokyo
Abigail,Moore,59333,Mumbai,32,Festival,car,Dubai
Avery,Martin,87000,Chicago,35,Cruise,cruise ship,Paris
Alexander,Garcia,53114,Barcelona,56,Safari,car,Barcelona
Mia,Jackson,47375,Beijing,55,Cruise,car,New York
Christopher,Miller,85281,Seattle,26,Cruise,cruise ship,Paris
Emily,Miller,54061,Seattle,38,Cruise,car,Dubai
Sophia,Lopez,53608,Seoul,32,Relaxation spa,cruise ship,Paris
Emily,Jackson,89053,Toronto,37,Festival,car,Tokyo
Grace,Jones,82542,Chicago,67,Mountain hiking,cruise ship,Dubai
Sophie,Thompson,54643,Sydney,51,Relaxation spa,train,Dubai
James,Smith,40683,Seoul,60,Food tour,train,Tokyo
Avery,Thompson,42530,Tokyo,44,Historical sightseeing,cruise ship,Barcelona
Christopher,Miller,64244,Seattle,70,Cruise,train,Paris
Sophia,Martin,69429,Seattle,48,Relaxation spa,cruise ship,Paris
Alexander,Lopez,77537,Chicago,45,Festival,train,New York
Ava,Taylor,62789,Beijing,47,Safari,car,Barcelona
William,Brown,79814,Sydney,31,Mountain hiking,car,Barcelona
Christopher,Smith,61385,Berlin,69,Safari,plane,Tokyo
James,Williams,87646,Tokyo,47,Safari,car,New York
Alexander,Jones,52600,Chicago,68,Food tour,car,Tokyo
Madison,Martinez,41116,San Francisco,62,Food tour,plane,Tokyo
Nicholas,White,63913,Sydney,28,Cruise,plane,Paris
Matthew,Thompson,87879,Sydney,53,Festival,car,New York
Andrew,Davis,70110,Dublin,34,Safari,plane,Tokyo
Madison,Thomas,41784,Barcelona,56,Golf retreat,cruise ship,Barcelona
Emma,Anderson,82106,Toronto,59,Food tour,car,Paris
Sophie,Johnson,63089,San Francisco,32,Relaxation spa,train,Dubai
Daniel,Moore,40364,Mumbai,26,Festival,plane,New York
Madison,Wilson,64634,Singapore,44,Cruise,car,Barcelona
Ava,Brown,64357,Chicago,62,Food tour,plane,Tokyo
Mia,Moore,72289,Cape Town,47,Food tour,train,Tokyo
Mia,Jones,69201,Seoul,42,Mountain hiking,train,Paris
Abigail,Wilson,85637,Seoul,60,Cruise,plane,Dubai
Ethan,Smith,47912,Sydney,52,Cruise,cruise ship,New York
James,Martinez,62238,Mumbai,47,Relaxation spa,plane,Barcelona
Christopher,Anderson,83787,Berlin,52,Golf retreat,cruise ship,New York
Daniel,Smith,69914,Seoul,51,Festival,plane,New York
Ethan,Smith,52395,Seattle,29,Relaxation spa,train,Tokyo
Madison,White,70503,Seoul,58,Historical sightseeing,cruise ship,Tokyo
Avery,Jackson,65050,Chicago,62,Golf retreat,train,New York
Nicholas,Garcia,75441,Dublin,25,Historical sightseeing,car,New York
Mia,Brown,44236,San Francisco,47,Festival,train,Paris
Benjamin,Smith,49694,Singapore,66,Cruise,car,Tokyo
Sophia,Anderson,70385,Sydney,64,Cruise,plane,Tokyo
John,Smith,64314,Seoul,28,Festival,train,Barcelona
Ethan,White,60638,Sydney,53,Golf retreat,cruise ship,Dubai
Sophia,Lopez,44320,Seoul,42,Historical sightseeing,train,New York
Matthew,Jackson,76292,Cape Town,31,Mountain hiking,cruise ship,Paris
Sophie,Wilson,62710,Cape Town,58,Safari,train,New York
Matthew,Moore,41440,Chicago,52,Safari,plane,New York
Ava,Brown,88276,San Francisco,48,Cruise,car,Paris
Grace,Jackson,75140,Sydney,60,Cruise,cruise ship,New York
John,Jackson,59909,Beijing,63,Golf retreat,train,Tokyo
Isabella,Anderson,86144,Beijing,25,Food tour,cruise ship,Paris
Grace,Smith,84571,Toronto,35,Mountain hiking,plane,Tokyo
John,Jones,76693,Chicago,60,Festival,cruise ship,New York
Christopher,Lopez,59102,Berlin,39,Golf retreat,train,New York
John,White,46522,Seoul,56,Festival,plane,Tokyo
Grace,Garcia,51819,Chicago,56,Cruise,plane,Paris
Ethan,Harris,67040,Cape Town,38,Cruise,cruise ship,Paris
James,Harris,61308,Singapore,32,Safari,car,Tokyo
Avery,Martinez,83695,Mumbai,35,Historical sightseeing,cruise ship,Paris
Matthew,Jackson,54080,Cape Town,33,Food tour,plane,Dubai
David,Martinez,50875,Seattle,30,Relaxation spa,car,Barcelona
Olivia,Smith,73813,Seattle,30,Relaxation spa,plane,Dubai
Isabella,Wilson,66633,Beijing,45,Food tour,plane,Barcelona
Christopher,Smith,65394,Sydney,40,Safari,cruise ship,Barcelona
James,Williams,63942,Cape Town,37,Food tour,cruise ship,New York
Alexander,Smith,82639,Dublin,48,Mountain hiking,cruise ship,Dubai
James,Davis,54801,Barcelona,63,Historical sightseeing,car,Dubai
David,Martin,80806,Dublin,59,Safari,car,Paris
Avery,Taylor,49952,Singapore,39,Mountain hiking,train,Barcelona
William,White,79621,Chicago,25,Mountain hiking,plane,Tokyo
Nicholas,Wilson,78364,Beijing,58,Cruise,cruise ship,Dubai
David,Smith,42479,Cape Town,30,Historical sightseeing,train,Tokyo
Ava,Davis,60400,Seattle,69,Mountain hiking,car,Dubai
Sophia,Martinez,81413,Barcelona,66,Festival,car,Paris
Andrew,Martinez,84019,Dublin,70,Mountain hiking,plane,Paris
Michael,Martinez,44678,Tokyo,43,Historical sightseeing,train,Tokyo
Daniel,Garcia,59958,Seoul,39,Food tour,cruise ship,Dubai
Daniel,Garcia,57505,Tokyo,40,Historical sightseeing,cruise ship,Barcelona
Sophia,Lopez,60200,Mumbai,34,Golf retreat,cruise ship,Dubai
Mia,Jones,80616,Beijing,49,Historical sightseeing,car,Tokyo
Olivia,Harris,85871,Beijing,44,Food tour,car,New York
Ava,Jackson,43896,Tokyo,38,Mountain hiking,plane,Barcelona
David,White,64513,Singapore,61,Historical sightseeing,car,Dubai
Daniel,Thompson,69710,Singapore,39,Food tour,plane,Barcelona
Ava,Wilson,55346,Cape Town,25,Food tour,plane,New York
Benjamin,Jackson,48370,Sydney,30,Safari,train,New York
Michael,Davis,68735,Barcelona,31,Safari,train,Paris
Avery,White,69858,Barcelona,50,Food tour,cruise ship,Tokyo
Christopher,Moore,77534,Tokyo,35,Relaxation spa,train,Dubai
Benjamin,Jones,45699,Seattle,26,Cruise,car,Paris
James,Martin,42376,Mumbai,25,Relaxation spa,cruise ship,Paris
Abigail,Thompson,78607,Dublin,41,Food tour,plane,Paris
Alexander,Harris,52315,Berlin,51,Safari,plane,New York
Christopher,Miller,86254,Barcelona,33,Historical sightseeing,cruise ship,New York
William,Wilson,73394,Mumbai,39,Mountain hiking,car,Barcelona
Alexander,Moore,67841,Mumbai,61,Relaxation spa,car,Tokyo
David,Martin,45213,Seoul,34,Safari,train,Barcelona
Ava,Garcia,67641,Berlin,41,Mountain hiking,plane,Barcelona
Michael,Lopez,77084,Seattle,25,Festival,car,New York
Isabella,Taylor,69276,Tokyo,34,Safari,car,Dubai
James,Moore,64755,San Francisco,26,Festival,train,New York
Avery,Lopez,82077,Tokyo,68,Historical sightseeing,train,New York
David,Anderson,72951,San Francisco,60,Festival,car,Dubai
Abigail,Jones,59691,Tokyo,59,Cruise,car,Paris
Matthew,Thompson,51672,Barcelona,34,Historical sightseeing,cruise ship,New York
Matthew,Brown,65013,Sydney,29,Safari,cruise ship,Barcelona
Christopher,Garcia,44623,Singapore,35,Cruise,car,New York
James,Anderson,40851,Chicago,56,Safari,train,Barcelona
Michael,Thomas,62749,Sydney,48,Safari,plane,Dubai
Andrew,Thompson,73729,Sydney,31,Cruise,train,Tokyo
Christopher,Wilson,79096,Seoul,48,Safari,car,New York
Andrew,Miller,56577,Barcelona,26,Festival,car,Paris
Matthew,Martin,81346,Beijing,68,Golf retreat,car,Dubai
Emily,Thompson,66056,Sydney,70,Mountain hiking,train,Tokyo
Matthew,Jackson,44990,Dublin,54,Golf retreat,train,Tokyo
Emma,Martin,78350,Chicago,69,Relaxation spa,cruise ship,Tokyo
David,Jones,57520,Singapore,39,Relaxation spa,train,Tokyo
Sophie,Thompson,81349,Chicago,26,Relaxation spa,train,Dubai
Isabella,Miller,43237,Seoul,50,Food tour,car,Tokyo
Isabella,Johnson,58418,Toronto,37,Relaxation spa,plane,Tokyo
Avery,Martin,52413,San Francisco,40,Golf retreat,cruise ship,New York
Grace,Moore,77027,Seoul,66,Safari,car,Dubai
Daniel,Anderson,40227,Dublin,50,Historical sightseeing,cruise ship,Paris
Isabella,Davis,55956,San Francisco,58,Historical sightseeing,car,Barcelona
Ava,Harris,51869,Berlin,34,Golf retreat,car,New York
Madison,Wilson,42075,Singapore,55,Festival,train,Barcelona
Avery,Martin,73268,Cape Town,45,Mountain hiking,cruise ship,Barcelona
Ava,Lopez,42410,Mumbai,65,Cruise,car,Barcelona
William,Martin,67752,San Francisco,67,Golf retreat,plane,Dubai
Andrew,Martinez,72318,Seattle,28,Relaxation spa,cruise ship,Paris
David,Anderson,58334,Beijing,38,Relaxation spa,plane,Dubai
Benjamin,Miller,47449,Sydney,56,Safari,car,New York
Emily,Anderson,47729,Seoul,25,Golf retreat,plane,Paris
Emma,Jackson,84131,Dublin,32,Mountain hiking,plane,Barcelona
Ava,Martin,87138,Tokyo,64,Relaxation spa,plane,Barcelona
John,Jackson,58821,Toronto,56,Golf retreat,car,Dubai
John,Jackson,79413,Mumbai,36,Safari,train,Dubai
Grace,Davis,82854,Tokyo,61,Relaxation spa,plane,Tokyo
Andrew,Harris,82243,Berlin,37,Safari,car,Tokyo
Emily,White,63545,Chicago,29,Cruise,cruise ship,Dubai
Ava,Lopez,83906,Dublin,29,Golf retreat,train,New York
David,Anderson,44452,Tokyo,50,Relaxation spa,cruise ship,New York
Emily,Martinez,77731,Sydney,65,Cruise,train,Barcelona
Avery,Wilson,70221,Cape Town,39,Historical sightseeing,cruise ship,New York
Ava,Moore,88404,Chicago,68,Mountain hiking,cruise ship,Barcelona
David,Jackson,55848,Barcelona,55,Festival,car,Dubai
Matthew,Garcia,47250,Mumbai,32,Festival,train,Paris
Matthew,Brown,77463,Barcelona,60,Mountain hiking,train,Barcelona
Emily,Smith,42177,Chicago,52,Food tour,train,Barcelona
Avery,Jones,61740,San Francisco,38,Relaxation spa,car,Dubai
Sophia,Moore,54590,Seattle,46,Cruise,plane,Dubai
John,Johnson,71007,Tokyo,59,Cruise,train,Dubai
Christopher,Moore,88938,Seattle,31,Safari,car,Dubai
Emily,White,64164,Singapore,39,Relaxation spa,plane,New York
Andrew,Jones,44472,Chicago,38,Mountain hiking,train,Barcelona
Sophie,Anderson,79330,Barcelona,38,Relaxation spa,train,Tokyo
Alexander,Thomas,60276,San Francisco,60,Food tour,plane,Dubai
Ava,Martin,81944,Barcelona,35,Golf retreat,cruise ship,Dubai
Mia,Anderson,74780,Toronto,27,Festival,train,Tokyo
Grace,Martinez,74723,Tokyo,28,Relaxation spa,cruise ship,Tokyo
Daniel,Thomas,89842,Singapore,63,Mountain hiking,train,Barcelona
Isabella,Harris,50329,Singapore,51,Cruise,train,Dubai
Andrew,Anderson,78997,Berlin,28,Golf retreat,car,New York
Matthew,Taylor,65046,Beijing,28,Food tour,plane,Dubai
Christopher,White,78686,Tokyo,58,Cruise,plane,Dubai
Madison,White,47298,Seattle,52,Historical sightseeing,cruise ship,New York
William,Moore,54990,Seoul,60,Festival,cruise ship,Dubai
Sophie,Martin,51800,Beijing,36,Safari,train,Paris
Abigail,Harris,58442,San Francisco,42,Festival,car,Barcelona
Daniel,White,82644,Seoul,36,Cruise,car,Paris
Avery,Lopez,87774,San Francisco,45,Mountain hiking,train,Tokyo
Daniel,Taylor,48837,Seattle,68,Festival,car,New York
James,Williams,78313,Sydney,57,Golf retreat,car,Paris
Daniel,Taylor,42633,Beijing,69,Festival,plane,Paris
Ethan,Thomas,88326,Dublin,54,Relaxation spa,train,Tokyo
Ethan,Garcia,42242,Tokyo,67,Relaxation spa,cruise ship,Paris
Olivia,Martinez,66488,Mumbai,55,Festival,train,Paris
Sophie,Martin,58209,San Francisco,48,Mountain hiking,train,Dubai
Benjamin,Jackson,65844,San Francisco,67,Historical sightseeing,plane,Paris
Alexander,Williams,46068,Dublin,65,Historical sightseeing,car,Barcelona
Abigail,Johnson,67238,Barcelona,56,Cruise,train,Dubai
Nicholas,Brown,55951,Seattle,61,Mountain hiking,cruise ship,Dubai
Emily,Johnson,78437,San Francisco,42,Food tour,plane,Dubai
Matthew,White,52010,Mumbai,70,Mountain hiking,train,Dubai
Ava,Thompson,68375,Tokyo,53,Historical sightseeing,cruise ship,Tokyo
Alexander,Moore,85938,Berlin,67,Festival,train,Barcelona
Abigail,Taylor,65950,San Francisco,47,Golf retreat,cruise ship,Paris
Madison,Moore,54010,Dublin,44,Historical sightseeing,plane,Paris
Madison,White,66800,Singapore,37,Festival,cruise ship,Dubai
Mia,White,43055,Chicago,44,Festival,train,Barcelona
Grace,Brown,68491,Mumbai,37,Cruise,plane,Dubai
Ethan,Johnson,60672,Berlin,45,Food tour,car,Paris
Olivia,Anderson,66269,Singapore,46,Festival,train,Barcelona
David,Taylor,83655,Cape Town,51,Food tour,plane,New York
Avery,Johnson,76113,Cape Town,29,Relaxation spa,plane,Tokyo
Sophie,Anderson,58386,Berlin,47,Relaxation spa,car,New York
Ethan,Garcia,82553,Singapore,35,Golf retreat,cruise ship,Paris
Emma,Smith,43861,Tokyo,39,Food tour,car,Paris
Matthew,Davis,63966,Sydney,53,Mountain hiking,train,New York
Daniel,Brown,51496,Toronto,44,Cruise,plane,Paris
Alexander,Jones,44046,Sydney,68,Festival,train,New York
Avery,Martinez,69974,Sydney,56,Golf retreat,train,Barcelona
William,Smith,50656,San Francisco,47,Mountain hiking,train,Paris
Abigail,White,53551,Sydney,68,Cruise,car,New York
Sophia,Smith,56614,Mumbai,50,Historical sightseeing,cruise ship,Tokyo
Abigail,Harris,67880,Seattle,56,Relaxation spa,car,Tokyo
Avery,Miller,68533,Toronto,70,Cruise,car,Dubai
Nicholas,Miller,63503,Berlin,63,Cruise,plane,Barcelona
David,Harris,67975,Sydney,69,Food tour,cruise ship,New York
Matthew,Taylor,62103,Singapore,48,Mountain hiking,train,Paris
David,Moore,47534,Tokyo,37,Golf retreat,cruise ship,Tokyo
Mia,Williams,65773,Singapore,63,Relaxation spa,car,Dubai
Madison,Smith,70583,Dublin,65,Festival,car,Paris
David,Jackson,84463,Sydney,32,Historical sightseeing,plane,Tokyo
Alexander,White,51122,Barcelona,40,Festival,cruise ship,Barcelona
Sophie,Davis,43955,Tokyo,51,Historical sightseeing,train,Barcelona
Ava,Jones,73655,Sydney,70,Safari,plane,Paris
Grace,Davis,51306,Cape Town,50,Golf retreat,train,Tokyo
Christopher,Lopez,87318,Dublin,48,Cruise,car,Tokyo
Benjamin,Anderson,47015,Seattle,66,Food tour,cruise ship,Tokyo
Nicholas,Martinez,50099,Mumbai,36,Historical sightseeing,cruise ship,Tokyo
Abigail,Martinez,46414,Berlin,59,Relaxation spa,train,Tokyo
Madison,Harris,71851,Barcelona,35,Relaxation spa,cruise ship,Dubai
Emily,Thomas,84811,Sydney,41,Mountain hiking,train,Tokyo
Benjamin,Moore,59718,Cape Town,28,Historical sightseeing,car,Barcelona
Madison,Smith,44906,Sydney,50,Golf retreat,car,Tokyo
Abigail,Thomas,62028,Seoul,62,Cruise,plane,Tokyo
Isabella,Smith,87982,Tokyo,53,Food tour,train,Barcelona
Mia,Harris,58681,Dublin,37,Cruise,car,Paris
James,Brown,70346,Sydney,35,Mountain hiking,train,Paris
James,Harris,86108,Mumbai,27,Festival,cruise ship,Dubai
Emily,Jackson,55643,Seattle,32,Food tour,cruise ship,Barcelona
Mia,Johnson,48610,Sydney,45,Mountain hiking,train,Barcelona
David,Brown,50721,Dublin,47,Historical sightseeing,plane,Dubai
Daniel,Moore,58214,Tokyo,54,Festival,plane,Paris
David,Smith,82790,Chicago,42,Safari,car,Dubai
Emily,White,64707,Chicago,59,Historical sightseeing,plane,Barcelona
Ava,Martinez,55942,San Francisco,68,Relaxation spa,train,Tokyo
Grace,Garcia,79684,Seattle,25,Safari,train,Dubai
Mia,Lopez,70590,Beijing,70,Festival,train,Barcelona
Alexander,Garcia,79205,Tokyo,28,Relaxation spa,cruise ship,New York
David,Wilson,75142,Mumbai,61,Cruise,car,New York
Grace,White,49841,Beijing,55,Golf retreat,car,New York
Emma,Brown,51281,Berlin,41,Golf retreat,car,New York
Michael,Anderson,88322,Toronto,59,Golf retreat,car,Dubai
James,Davis,63857,Berlin,36,Cruise,car,Barcelona
John,Garcia,53649,Tokyo,55,Mountain hiking,train,New York
Sophie,Anderson,52210,Seattle,63,Safari,car,New York
Sophie,Moore,86378,Cape Town,54,Mountain hiking,train,Dubai
Madison,Jones,61942,Singapore,55,Historical sightseeing,cruise ship,Paris
Olivia,Brown,53314,Barcelona,26,Festival,car,New York
Olivia,Martin,78005,Beijing,57,Mountain hiking,cruise ship,New York
Mia,Brown,89577,Toronto,70,Relaxation spa,plane,Barcelona
Nicholas,Jackson,73261,Cape Town,65,Historical sightseeing,train,Barcelona
Daniel,Wilson,47941,Dublin,50,Relaxation spa,cruise ship,Barcelona
Daniel,Taylor,47908,Berlin,48,Mountain hiking,train,Barcelona
Alexander,Taylor,81860,Chicago,30,Festival,cruise ship,Tokyo
Abigail,Anderson,78829,Sydney,27,Relaxation spa,plane,Tokyo
Olivia,Wilson,60126,Chicago,46,Golf retreat,cruise ship,Tokyo
Ethan,Jackson,71205,Seattle,48,Golf retreat,cruise ship,Barcelona
Daniel,Davis,84651,Cape Town,68,Golf retreat,plane,Barcelona
Mia,Jones,54151,Seoul,41,Safari,train,Barcelona
Daniel,Lopez,61097,Barcelona,48,Relaxation spa,train,Barcelona
Ethan,Lopez,87200,Singapore,29,Festival,plane,Tokyo
Nicholas,Garcia,69429,Tokyo,59,Mountain hiking,plane,Barcelona
Ava,Wilson,75489,Tokyo,52,Safari,car,New York
Daniel,Garcia,43392,Chicago,46,Safari,car,Barcelona
Emily,Anderson,57955,Barcelona,54,Relaxation spa,car,Tokyo
Alexander,Martin,43939,Toronto,65,Mountain hiking,plane,New York
Michael,Martinez,73306,Tokyo,62,Mountain hiking,plane,Paris
Andrew,Taylor,78208,Sydney,67,Relaxation spa,train,Tokyo
Daniel,Thomas,85926,Barcelona,50,Historical sightseeing,cruise ship,Dubai
Christopher,Moore,53893,Cape Town,26,Cruise,plane,Tokyo
Grace,Taylor,54338,Singapore,43,Food tour,car,Paris
Grace,Davis,63984,Sydney,58,Food tour,cruise ship,Dubai
Madison,Martin,62516,Sydney,49,Relaxation spa,car,Dubai
Sophia,Harris,82779,Mumbai,45,Safari,train,Barcelona
Nicholas,Smith,52690,Seoul,69,Relaxation spa,train,Barcelona
Isabella,Harris,78887,Tokyo,57,Relaxation spa,plane,Dubai
James,Jones,51984,Toronto,31,Safari,train,Barcelona
Avery,Thompson,60830,Berlin,70,Relaxation spa,train,Barcelona
Ava,Thomas,72333,Tokyo,40,Food tour,cruise ship,Paris
Grace,Davis,70789,Barcelona,62,Golf retreat,train,Paris
Sophia,Davis,70845,Chicago,32,Mountain hiking,car,Dubai
Isabella,Moore,79270,Toronto,32,Golf retreat,cruise ship,New York
Mia,Martin,50232,Tokyo,66,Golf retreat,cruise ship,Barcelona
Michael,Williams,77812,Singapore,52,Historical sightseeing,plane,New York
Grace,Miller,77485,Mumbai,38,Mountain hiking,cruise ship,Dubai
Andrew,Brown,58880,Tokyo,54,Safari,cruise ship,Barcelona
Grace,Smith,62447,Sydney,33,Historical sightseeing,train,Barcelona
Abigail,Johnson,52168,Sydney,59,Cruise,train,Barcelona
Abigail,Martinez,85249,Sydney,46,Relaxation spa,plane,New York
Grace,Thomas,67812,Sydney,46,Cruise,car,Dubai
Sophia,Jackson,49586,Singapore,28,Festival,car,Paris
Isabella,Garcia,69479,Dublin,46,Golf retreat,cruise ship,Paris
Sophia,Brown,82695,Cape Town,60,Safari,car,Dubai
Sophie,White,41361,Singapore,35,Relaxation spa,cruise ship,Tokyo
Abigail,Davis,81483,Beijing,47,Golf retreat,train,Dubai
Michael,Lopez,68743,Dublin,56,Golf retreat,car,Paris
Emma,Harris,56081,Seattle,25,Relaxation spa,cruise ship,Paris
William,Miller,50292,Mumbai,25,Historical sightseeing,plane,Barcelona
Nicholas,Anderson,54642,Seoul,41,Festival,cruise ship,Dubai
James,Wilson,49627,Toronto,54,Golf retreat,plane,Dubai
Sophie,White,86486,Singapore,27,Cruise,car,Paris
Benjamin,Jackson,74554,Barcelona,69,Historical sightseeing,plane,Barcelona
Grace,Moore,45294,Dublin,39,Golf retreat,plane,Barcelona
Sophia,Taylor,58704,Beijing,53,Festival,cruise ship,Paris
Sophia,Lopez,66888,Singapore,43,Mountain hiking,train,Barcelona
Daniel,Moore,48577,Cape Town,30,Safari,cruise ship,Paris
David,Davis,71444,Tokyo,27,Food tour,plane,New York
Christopher,Johnson,52722,Sydney,39,Food tour,plane,New York
William,Williams,83567,Tokyo,66,Food tour,car,Dubai
Avery,Johnson,46971,Toronto,66,Food tour,cruise ship,New York
Abigail,Martinez,81313,Mumbai,49,Safari,plane,Barcelona
Sophie,Davis,74688,Seattle,48,Food tour,car,Dubai
Alexander,Miller,66142,Tokyo,61,Golf retreat,plane,Tokyo
Nicholas,Moore,76873,Seoul,42,Food tour,train,Paris
Emily,Davis,80053,Chicago,63,Food tour,plane,Tokyo
John,Thompson,69877,Dublin,32,Food tour,cruise ship,Dubai
Madison,Brown,65297,Sydney,60,Cruise,train,Barcelona
Ava,Williams,44990,San Francisco,41,Mountain hiking,car,Barcelona
John,Johnson,57435,Mumbai,63,Historical sightseeing,plane,Barcelona
Matthew,Jones,82076,Toronto,68,Historical sightseeing,cruise ship,Dubai
Ethan,Harris,61315,Seattle,69,Safari,cruise ship,Dubai
Benjamin,Harris,53541,Tokyo,65,Festival,car,Barcelona
Sophia,Davis,67458,Mumbai,66,Cruise,cruise ship,Barcelona
Emma,Thompson,60408,Mumbai,33,Mountain hiking,cruise ship,Barcelona
Matthew,Jackson,87962,Sydney,56,Historical sightseeing,cruise ship,Paris
Olivia,Thompson,42375,Berlin,54,Festival,plane,Dubai
Alexander,Moore,57016,Singapore,37,Festival,car,Barcelona
Christopher,Anderson,40718,Dublin,31,Historical sightseeing,cruise ship,Dubai
Abigail,Johnson,72501,Barcelona,53,Mountain hiking,plane,Dubai
Olivia,Martinez,48409,Beijing,55,Relaxation spa,plane,Dubai
Mia,Williams,43496,Singapore,31,Festival,cruise ship,Dubai
Andrew,Thompson,48000,Barcelona,37,Safari,train,Dubai
Grace,Thomas,82805,Tokyo,65,Golf retreat,plane,Paris
Michael,Lopez,47529,Toronto,37,Festival,train,New York
David,Johnson,84732,Sydney,56,Cruise,car,Tokyo
Madison,Garcia,66776,Sydney,41,Relaxation spa,train,Tokyo
Emma,Wilson,40890,Seattle,53,Cruise,train,New York
John,Taylor,77596,Chicago,32,Relaxation spa,plane,Barcelona
David,Davis,85957,Tokyo,64,Relaxation spa,car,New York
Ava,Moore,65825,Toronto,26,Cruise,car,Tokyo
Abigail,Martinez,55398,Tokyo,36,Cruise,plane,Barcelona
William,Harris,65890,Seoul,49,Mountain hiking,train,New York
Isabella,Jackson,74430,Sydney,29,Festival,car,Barcelona
Benjamin,Brown,87078,Singapore,26,Golf retreat,cruise ship,Barcelona
Ethan,Brown,44713,Dublin,38,Food tour,cruise ship,Barcelona
Mia,Garcia,73470,Tokyo,26,Food tour,car,New York
Ethan,Lopez,46626,Seattle,69,Golf retreat,cruise ship,Barcelona
John,Thompson,64580,Singapore,32,Golf retreat,cruise ship,Barcelona
Christopher,Jackson,42003,Seattle,57,Safari,train,Barcelona
Alexander,Jackson,44454,Seoul,51,Historical sightseeing,car,New York
Emma,Davis,47449,Seattle,50,Food tour,car,Paris
Michael,Jackson,68338,Toronto,64,Festival,plane,New York
James,Anderson,43454,Seoul,67,Festival,train,Tokyo
James,Miller,50563,Dublin,51,Food tour,train,Dubai
Sophie,Anderson,78473,San Francisco,28,Golf retreat,train,Barcelona
Grace,Anderson,84523,Dublin,60,Festival,car,Paris
Emma,Harris,62865,Chicago,62,Relaxation spa,plane,Tokyo
Benjamin,Wilson,51513,Seoul,57,Mountain hiking,cruise ship,Paris
Sophia,Smith,66835,Berlin,39,Relaxation spa,plane,New York
Sophie,Martin,47805,Mumbai,52,Historical sightseeing,car,Tokyo
Avery,Brown,49602,Dublin,65,Golf retreat,cruise ship,Paris
Sophie,Jackson,70841,Barcelona,45,Relaxation spa,car,Barcelona
Alexander,Thomas,77373,Berlin,49,Historical sightseeing,car,Tokyo
Sophie,Thompson,89618,Singapore,61,Festival,train,New York
Madison,Taylor,65253,Seattle,30,Festival,train,Paris
Michael,Garcia,79504,Beijing,50,Historical sightseeing,train,New York
Michael,Johnson,85619,Beijing,26,Cruise,train,Dubai
Benjamin,Thomas,50169,Mumbai,54,Cruise,plane,Tokyo
Nicholas,Smith,81643,Singapore,63,Cruise,car,New York
Olivia,Thompson,69922,Dublin,27,Mountain hiking,car,Paris
Avery,Martinez,55504,Tokyo,62,Cruise,plane,Barcelona
Grace,Johnson,83099,Seoul,51,Safari,car,Paris
Grace,Johnson,47373,Dublin,34,Golf retreat,cruise ship,New York
Emily,Harris,63326,Mumbai,66,Historical sightseeing,plane,Paris
Christopher,Thomas,51961,Cape Town,43,Cruise,cruise ship,New York
Emma,Smith,64473,Berlin,27,Food tour,car,New York
Abigail,Jones,80083,San Francisco,63,Mountain hiking,train,New York
John,Martin,68166,Seattle,59,Safari,train,Tokyo
Emily,Jones,46072,Beijing,44,Safari,train,Paris
Madison,Taylor,53484,Seoul,44,Safari,cruise ship,Barcelona
Christopher,Martinez,77194,Dublin,68,Food tour,train,Tokyo
Benjamin,Anderson,55020,Barcelona,46,Relaxation spa,train,Barcelona
Emma,White,86310,Seattle,26,Mountain hiking,car,Barcelona
Benjamin,Harris,52673,Seattle,41,Festival,car,New York
John,Johnson,73477,Tokyo,57,Historical sightseeing,plane,Barcelona
David,Garcia,49183,Dublin,30,Golf retreat,plane,Paris
Daniel,Wilson,84336,Sydney,56,Relaxation spa,car,Barcelona
Christopher,Martinez,87124,Cape Town,47,Historical sightseeing,train,Tokyo
Sophia,Anderson,76694,Sydney,59,Historical sightseeing,plane,Tokyo
Nicholas,Jackson,76104,Barcelona,70,Historical sightseeing,plane,Barcelona
Avery,Martin,80708,Beijing,32,Safari,cruise ship,Barcelona
Matthew,Johnson,58587,Cape Town,29,Relaxation spa,plane,Dubai
Christopher,Miller,77417,Sydney,59,Relaxation spa,train,Paris
Madison,Johnson,42171,Dublin,25,Food tour,plane,Tokyo
David,Smith,52858,Tokyo,28,Historical sightseeing,train,Barcelona
Christopher,Anderson,51141,Berlin,42,Mountain hiking,plane,Tokyo
Michael,Thompson,52765,Dublin,37,Cruise,car,New York
James,Garcia,56679,Seattle,46,Festival,train,Barcelona
Abigail,Harris,69367,Barcelona,65,Historical sightseeing,train,Tokyo
Avery,Lopez,83728,Cape Town,57,Mountain hiking,cruise ship,Barcelona
Emma,Smith,71891,Tokyo,41,Historical sightseeing,plane,Tokyo
Ava,Garcia,52069,Seoul,25,Safari,car,Paris
Nicholas,Jackson,89578,Seoul,27,Cruise,car,Dubai
Andrew,Miller,50102,Barcelona,48,Safari,train,Tokyo
William,Taylor,78059,Seoul,67,Food tour,train,New York
Andrew,Jackson,82362,Barcelona,34,Relaxation spa,train,Tokyo
John,Jones,45550,Tokyo,50,Relaxation spa,cruise ship,Dubai
Sophie,Jones,42452,Beijing,50,Relaxation spa,cruise ship,Paris
David,Martin,41203,Mumbai,49,Relaxation spa,car,New York
Alexander,Moore,79719,Toronto,41,Cruise,plane,New York
Emily,Jones,81238,Mumbai,60,Mountain hiking,plane,Barcelona
Ethan,Johnson,56008,Sydney,37,Historical sightseeing,cruise ship,New York
Christopher,Martin,75295,Sydney,41,Historical sightseeing,train,Paris
Andrew,Anderson,40350,Mumbai,49,Golf retreat,car,New York
William,Martin,86169,Barcelona,54,Historical sightseeing,plane,Barcelona
Michael,Harris,68645,Cape Town,35,Historical sightseeing,cruise ship,New York
Nicholas,Anderson,49789,Chicago,70,Golf retreat,cruise ship,New York
Avery,Moore,52356,Beijing,52,Safari,cruise ship,Barcelona
James,White,47988,Cape Town,45,Cruise,car,New York
William,Martin,86867,Mumbai,37,Relaxation spa,car,Paris
Alexander,Williams,71202,San Francisco,58,Cruise,plane,New York
John,Lopez,43181,Sydney,56,Historical sightseeing,train,New York
Daniel,Miller,66170,Cape Town,58,Mountain hiking,train,Tokyo
Mia,Martinez,62002,Sydney,28,Relaxation spa,plane,Dubai
Avery,Lopez,47812,Seoul,38,Mountain hiking,train,New York
Avery,Martin,88133,San Francisco,50,Festival,car,Dubai
John,Garcia,72689,Berlin,64,Relaxation spa,train,Paris
Ethan,Harris,47710,Dublin,60,Festival,train,Tokyo
Ava,Garcia,50786,Berlin,32,Relaxation spa,plane,Paris
Benjamin,Thomas,48730,Beijing,54,Cruise,cruise ship,Barcelona
Grace,Johnson,65507,Seoul,61,Golf retreat,cruise ship,Paris
Grace,White,65661,Toronto,46,Relaxation spa,car,Paris
Madison,Smith,86569,Berlin,28,Golf retreat,plane,New York
Sophie,White,46653,Barcelona,37,Food tour,train,New York
Alexander,Davis,59826,Mumbai,47,Cruise,car,Paris
Sophie,White,88887,Toronto,32,Cruise,plane,Tokyo
Abigail,Jones,86009,Mumbai,30,Historical sightseeing,plane,Dubai
Emily,Martinez,58895,Tokyo,40,Safari,plane,Dubai
John,Thompson,88596,Barcelona,60,Relaxation spa,cruise ship,Paris
Emily,Moore,69591,Berlin,54,Historical sightseeing,car,New York
Emma,Miller,70752,Chicago,53,Relaxation spa,cruise ship,Dubai
Abigail,Martinez,60794,Mumbai,70,Festival,plane,New York
Andrew,Johnson,77092,Chicago,47,Historical sightseeing,car,Tokyo
Madison,Thomas,88628,Chicago,25,Golf retreat,car,New York
Avery,Lopez,75713,Mumbai,30,Cruise,cruise ship,Tokyo
Ava,Miller,51584,Seattle,30,Relaxation spa,plane,Tokyo
Benjamin,Miller,77569,Dublin,37,Safari,plane,Paris
John,Lopez,49058,Tokyo,39,Golf retreat,cruise ship,Tokyo
Madison,Martin,55066,Tokyo,50,Historical sightseeing,cruise ship,Tokyo
Andrew,Thomas,60538,Sydney,40,Mountain hiking,cruise ship,Tokyo
Avery,Davis,73572,Chicago,41,Golf retreat,cruise ship,New York
Christopher,Jackson,45713,Singapore,37,Cruise,train,New York
Matthew,Anderson,89124,Seattle,25,Food tour,plane,Tokyo
Michael,Smith,46353,Dublin,38,Festival,train,Paris
Sophie,Davis,40838,Dublin,60,Cruise,cruise ship,Barcelona
Nicholas,White,49027,Seoul,45,Cruise,train,New York
Sophie,Thomas,81248,Sydney,46,Food tour,plane,Tokyo
James,Taylor,56339,Barcelona,57,Mountain hiking,cruise ship,Paris
John,White,40879,Sydney,28,Cruise,cruise ship,Tokyo
Nicholas,Martin,43260,Berlin,50,Golf retreat,car,Tokyo
Emma,White,71328,Sydney,49,Historical sightseeing,train,New York
Matthew,Miller,65724,Beijing,36,Historical sightseeing,plane,New York
Olivia,Jackson,86318,San Francisco,66,Safari,plane,Tokyo
Michael,Garcia,80988,Sydney,52,Relaxation spa,train,New York
Benjamin,Wilson,74573,Singapore,58,Safari,plane,Tokyo
Grace,Johnson,54797,Chicago,50,Golf retreat,train,Paris
Matthew,Davis,45129,Seoul,59,Mountain hiking,car,Barcelona
Nicholas,Smith,86176,Mumbai,37,Relaxation spa,car,Dubai
Abigail,Miller,61329,Dublin,36,Historical sightseeing,cruise ship,Dubai
Ethan,Davis,62069,Chicago,29,Golf retreat,cruise ship,Tokyo
Olivia,Thomas,44666,Chicago,37,Golf retreat,plane,Tokyo
Nicholas,Martin,63431,Tokyo,51,Mountain hiking,train,Paris
Andrew,Thomas,47361,San Francisco,37,Relaxation spa,train,Dubai
Sophia,Jackson,87494,Sydney,36,Food tour,cruise ship,Dubai
Avery,White,58486,Singapore,67,Relaxation spa,train,Tokyo
Avery,Garcia,76043,Sydney,33,Golf retreat,car,Dubai
Alexander,Anderson,57743,Dublin,39,Relaxation spa,train,Barcelona
Avery,Martinez,65165,Sydney,33,Food tour,train,Dubai
Alexander,Martin,46910,Berlin,41,Historical sightseeing,car,Tokyo
Mia,Martinez,72160,Toronto,46,Relaxation spa,train,Barcelona
Emily,Brown,85475,Tokyo,27,Safari,plane,Tokyo
John,Johnson,50617,Seattle,49,Historical sightseeing,car,Tokyo
Olivia,Davis,50682,Seattle,43,Relaxation spa,cruise ship,Tokyo
William,Brown,89216,Berlin,51,Food tour,plane,Dubai
Abigail,Johnson,81895,Berlin,46,Cruise,car,Tokyo
Matthew,Thompson,50891,Cape Town,64,Cruise,car,New York
James,Harris,80633,Barcelona,67,Mountain hiking,cruise ship,Dubai
James,Davis,59964,Barcelona,33,Mountain hiking,train,Barcelona
James,Jones,53599,San Francisco,67,Mountain hiking,plane,Paris
Nicholas,Davis,80204,San Francisco,61,Historical sightseeing,plane,Paris
Sophie,Davis,81530,Seattle,37,Cruise,cruise ship,Tokyo
Isabella,White,80960,Beijing,51,Mountain hiking,cruise ship,New York
Alexander,Garcia,55875,Tokyo,46,Festival,plane,New York
Mia,Johnson,56379,Sydney,25,Historical sightseeing,car,Dubai
Michael,Miller,75277,Beijing,39,Cruise,cruise ship,Tokyo
Abigail,Wilson,59770,Dublin,67,Mountain hiking,plane,New York
Madison,Taylor,81793,Barcelona,52,Historical sightseeing,plane,Dubai
William,Taylor,60026,Singapore,39,Food tour,train,New York
Nicholas,Williams,52240,Cape Town,39,Cruise,plane,Paris
Sophie,Wilson,77693,Seattle,30,Golf retreat,cruise ship,Barcelona
Christopher,Martinez,86890,Singapore,59,Cruise,car,Barcelona
Mia,Martin,84569,Singapore,36,Golf retreat,train,Paris
Christopher,Lopez,60654,San Francisco,50,Food tour,cruise ship,Paris
Michael,Martin,65582,Dublin,65,Food tour,car,Paris
Michael,Lopez,67915,Cape Town,25,Festival,plane,Barcelona
John,Miller,82714,Sydney,65,Mountain hiking,cruise ship,New York
Andrew,Wilson,66840,Mumbai,58,Cruise,cruise ship,Dubai
John,Moore,55447,Seoul,45,Golf retreat,car,Dubai
Michael,Martin,76934,Seattle,42,Relaxation spa,cruise ship,Tokyo
William,Taylor,45259,Mumbai,45,Mountain hiking,train,Dubai
Matthew,Wilson,84439,Seoul,39,Golf retreat,car,New York
Michael,Thompson,87244,Beijing,68,Food tour,cruise ship,Tokyo
Ava,Johnson,86377,Beijing,60,Safari,train,Paris
Madison,Moore,78231,Sydney,59,Relaxation spa,train,Dubai
Andrew,Garcia,73706,Tokyo,40,Safari,cruise ship,New York
Benjamin,Thompson,66753,Tokyo,36,Golf retreat,car,Tokyo
Abigail,Garcia,84186,Barcelona,58,Festival,cruise ship,Dubai
Ava,Williams,40433,Seoul,26,Safari,train,New York
Christopher,Smith,63638,Mumbai,35,Mountain hiking,car,Paris
William,Thomas,85135,Tokyo,55,Historical sightseeing,car,Dubai
Abigail,Harris,61706,Tokyo,65,Historical sightseeing,train,New York
Ava,Jones,52435,Berlin,64,Relaxation spa,car,Paris
Ethan,Garcia,42988,Dublin,42,Food tour,train,New York
Sophia,Lopez,75315,Beijing,30,Relaxation spa,car,New York
Alexander,Thompson,69945,Beijing,61,Safari,plane,Barcelona
Mia,Smith,62895,Berlin,34,Safari,cruise ship,Tokyo
Emma,Wilson,81521,Seattle,48,Relaxation spa,car,Dubai
Matthew,Miller,88256,Singapore,36,Golf retreat,plane,Barcelona
Olivia,Moore,76470,Chicago,43,Safari,car,Tokyo
Andrew,Johnson,53453,Mumbai,63,Historical sightseeing,car,Tokyo
Abigail,Wilson,89290,Singapore,26,Festival,train,Tokyo
Olivia,Wilson,86539,Beijing,36,Golf retreat,cruise ship,Barcelona
Emma,Martin,77634,Berlin,41,Safari,car,Tokyo
Ava,Wilson,47927,Beijing,29,Golf retreat,train,Paris
Alexander,Martinez,43626,Chicago,54,Relaxation spa,cruise ship,Dubai
Grace,Lopez,51663,Tokyo,46,Safari,car,Barcelona
Sophie,Jackson,68599,Berlin,42,Relaxation spa,train,Tokyo
Madison,Anderson,65473,San Francisco,66,Historical sightseeing,cruise ship,Barcelona
Avery,Martinez,56173,Mumbai,61,Food tour,plane,Tokyo
Sophie,Anderson,83781,Tokyo,54,Cruise,train,Dubai
Daniel,Martinez,81953,Toronto,67,Mountain hiking,car,Dubai
Olivia,Martinez,85479,San Francisco,57,Safari,car,Barcelona
Michael,Jones,49545,Beijing,30,Golf retreat,car,Tokyo
Mia,Jackson,77082,Chicago,51,Relaxation spa,cruise ship,Barcelona
Mia,Taylor,81694,Seoul,26,Relaxation spa,cruise ship,Tokyo
Benjamin,Williams,55822,Tokyo,29,Festival,plane,Dubai
Matthew,Johnson,79901,Seoul,28,Relaxation spa,car,Barcelona
Sophia,Taylor,50498,Chicago,55,Cruise,car,Tokyo
Andrew,Martin,53292,Toronto,63,Food tour,cruise ship,Barcelona
John,Wilson,71209,Cape Town,45,Food tour,plane,New York
Michael,Jackson,46191,Tokyo,35,Safari,plane,Dubai
Andrew,Brown,63109,Barcelona,25,Festival,plane,Dubai
Sophia,Moore,49218,Barcelona,42,Cruise,train,Paris
William,Moore,49073,Toronto,50,Relaxation spa,plane,Barcelona
Avery,Smith,83563,San Francisco,63,Food tour,train,Barcelona
Abigail,Davis,41399,Barcelona,46,Relaxation spa,car,Paris
Madison,Thompson,82308,Barcelona,46,Cruise,cruise ship,Tokyo
Ethan,Martin,82537,Beijing,46,Safari,cruise ship,Tokyo
Emily,Smith,77827,Berlin,64,Relaxation spa,cruise ship,Barcelona
James,Moore,51363,Beijing,28,Golf retreat,car,Barcelona
Mia,Martin,64532,Chicago,46,Festival,cruise ship,Paris
Isabella,Thompson,76553,Cape Town,58,Golf retreat,car,Barcelona
Daniel,Williams,86977,Beijing,57,Festival,plane,New York
Andrew,White,71910,Seoul,27,Food tour,car,Tokyo
Matthew,Lopez,72590,Barcelona,32,Festival,cruise ship,Barcelona
Christopher,Smith,53843,Chicago,44,Golf retreat,cruise ship,New York
Ethan,Brown,52153,Seattle,53,Historical sightseeing,plane,Barcelona
Christopher,Thompson,85053,Tokyo,48,Historical sightseeing,train,New York
Matthew,Jones,40290,Chicago,25,Safari,plane,Barcelona
Mia,Thompson,89926,Tokyo,58,Relaxation spa,train,Tokyo
Christopher,Davis,80668,Sydney,46,Safari,train,Dubai
Alexander,Anderson,79344,Tokyo,51,Relaxation spa,cruise ship,Dubai
Emily,Thomas,85765,Cape Town,51,Relaxation spa,train,Dubai
Emma,Wilson,50606,Sydney,54,Golf retreat,plane,New York
Christopher,Brown,42895,Toronto,32,Cruise,car,Dubai
Ethan,Garcia,62257,Chicago,44,Golf retreat,plane,Dubai
John,Jackson,45876,Tokyo,65,Food tour,car,Dubai
Alexander,Thomas,55211,Mumbai,39,Safari,car,Tokyo
Sophia,Johnson,84215,Berlin,51,Festival,car,Tokyo
Abigail,Miller,61708,Sydney,69,Historical sightseeing,car,Dubai
Matthew,Garcia,56654,San Francisco,54,Safari,car,Paris
Avery,Miller,72481,Barcelona,44,Festival,car,Paris
Andrew,Martinez,75214,Beijing,31,Mountain hiking,cruise ship,Tokyo
Ava,Jones,41044,Seattle,34,Mountain hiking,train,Barcelona
William,Wilson,66420,Sydney,25,Historical sightseeing,train,Tokyo
Benjamin,Martinez,60669,Mumbai,58,Festival,plane,Dubai
Daniel,Williams,43672,Beijing,57,Relaxation spa,plane,Barcelona
Abigail,Lopez,63731,Singapore,67,Cruise,train,Paris
Emily,Martin,52954,Seoul,64,Mountain hiking,train,New York
Madison,Jackson,75272,Sydney,60,Cruise,car,Dubai
Sophie,Martinez,48119,Dublin,50,Festival,plane,Tokyo
Abigail,Miller,58032,Tokyo,36,Relaxation spa,train,Barcelona
Emily,Taylor,67248,Mumbai,59,Festival,car,New York
Sophia,Brown,40884,Dublin,42,Historical sightseeing,car,New York
David,Jones,74688,Toronto,25,Safari,plane,Tokyo
Ethan,Moore,73565,San Francisco,41,Cruise,train,Dubai
Alexander,Brown,77715,Sydney,51,Cruise,train,Barcelona
Alexander,Martin,77574,Dublin,36,Food tour,train,Paris
Nicholas,White,53355,Cape Town,49,Food tour,train,Dubai
Matthew,Jones,57075,Sydney,66,Mountain hiking,plane,Tokyo
Daniel,Moore,81731,Singapore,31,Food tour,car,Paris
Alexander,Smith,43256,Mumbai,45,Historical sightseeing,plane,Dubai
John,Williams,79535,Sydney,47,Cruise,car,Dubai
Emily,Williams,66649,Singapore,31,Mountain hiking,train,Dubai
Emily,Johnson,87926,Sydney,61,Historical sightseeing,train,Dubai
William,Lopez,45799,Tokyo,47,Safari,plane,Dubai
Olivia,Martin,70559,Seoul,67,Cruise,plane,Paris
Nicholas,Davis,49867,Dublin,44,Cruise,train,Paris
Christopher,Taylor,58106,Sydney,38,Cruise,plane,Tokyo
Emily,Johnson,45583,Seattle,39,Safari,cruise ship,Barcelona
Abigail,Smith,52394,Cape Town,52,Festival,plane,Dubai
William,Williams,40846,Sydney,62,Historical sightseeing,car,Tokyo
Olivia,Jackson,50026,Toronto,54,Mountain hiking,train,Paris
John,Taylor,70419,Tokyo,65,Mountain hiking,plane,Paris
Madison,Davis,74582,Toronto,46,Relaxation spa,train,New York
Emma,Lopez,87842,Seattle,64,Cruise,plane,Dubai
William,Anderson,72881,Mumbai,41,Festival,train,Tokyo
Emily,Martinez,81523,San Francisco,29,Food tour,car,Tokyo
Sophia,Jones,88857,Cape Town,53,Mountain hiking,plane,Tokyo
Emily,Harris,59062,Tokyo,42,Mountain hiking,car,Tokyo
Abigail,Thompson,86885,Beijing,62,Mountain hiking,cruise ship,Tokyo
James,Thompson,85904,Seoul,32,Relaxation spa,plane,Tokyo
Isabella,Jones,52970,Beijing,55,Golf retreat,train,Tokyo
Andrew,Brown,72548,Dublin,45,Festival,train,Paris
Christopher,Miller,75173,Sydney,54,Relaxation spa,train,Dubai
Michael,Thompson,65374,Beijing,53,Mountain hiking,train,New York
Madison,Anderson,46196,Toronto,31,Historical sightseeing,train,Barcelona
David,White,46979,Tokyo,56,Food tour,plane,New York
Ava,Wilson,49773,Mumbai,66,Cruise,car,Tokyo
William,Thompson,47518,Cape Town,51,Food tour,cruise ship,Tokyo
Madison,Williams,61179,Barcelona,59,Food tour,car,Tokyo
Mia,Wilson,64602,Singapore,69,Food tour,plane,Dubai
David,Smith,40563,Seattle,67,Cruise,car,Tokyo
Emily,Garcia,60676,Chicago,60,Safari,plane,Barcelona
David,Jackson,50790,Chicago,58,Cruise,train,Paris
Ethan,Miller,63743,Tokyo,47,Historical sightseeing,train,Paris
Isabella,Thomas,40248,Dublin,34,Food tour,cruise ship,New York
Avery,Jackson,42542,Cape Town,37,Golf retreat,plane,Paris
Avery,Taylor,85224,Tokyo,42,Historical sightseeing,plane,Tokyo
Daniel,Smith,72392,Seoul,48,Historical sightseeing,plane,Barcelona
Abigail,Johnson,73837,Seattle,69,Historical sightseeing,plane,Dubai
Mia,Miller,60086,Toronto,47,Safari,car,Tokyo
Mia,Wilson,51873,Berlin,50,Safari,car,Tokyo
Michael,Davis,59711,Sydney,44,Safari,plane,Barcelona
Olivia,Jones,74425,Sydney,37,Historical sightseeing,train,Paris
Alexander,Jackson,65509,Cape Town,44,Golf retreat,cruise ship,Tokyo
Emily,Jones,70484,Chicago,48,Safari,car,Tokyo
James,Miller,72799,Sydney,25,Cruise,plane,Dubai
Benjamin,Wilson,54915,San Francisco,58,Festival,train,Paris
Isabella,Martin,88088,Berlin,55,Golf retreat,plane,Tokyo
Emily,Miller,88991,Toronto,34,Food tour,cruise ship,Paris
Olivia,Moore,44501,Sydney,59,Mountain hiking,train,New York
Christopher,Williams,77597,Mumbai,46,Food tour,cruise ship,Paris
Michael,Williams,50350,Mumbai,63,Festival,car,Dubai
David,Johnson,52469,Seattle,60,Historical sightseeing,train,Tokyo
Andrew,Taylor,62629,Chicago,52,Relaxation spa,train,Paris
Benjamin,Jackson,78942,Tokyo,63,Golf retreat,car,Paris
Daniel,White,67423,San Francisco,47,Mountain hiking,car,New York
Ethan,Smith,73705,San Francisco,52,Historical sightseeing,plane,Tokyo
Michael,Jackson,74410,Tokyo,62,Safari,cruise ship,Paris
Andrew,Taylor,41439,Berlin,27,Relaxation spa,car,Tokyo
Mia,Anderson,71763,Tokyo,57,Safari,plane,Dubai
Benjamin,Miller,41271,San Francisco,57,Relaxation spa,train,Tokyo
Abigail,Taylor,86977,Sydney,35,Food tour,plane,Paris
Sophie,White,60008,Mumbai,37,Festival,car,Dubai
James,Johnson,46439,Barcelona,32,Festival,train,Barcelona
Madison,Harris,70794,Cape Town,54,Mountain hiking,train,Barcelona
Isabella,Harris,79666,Singapore,58,Festival,train,Paris
Christopher,Jones,80809,Chicago,30,Safari,train,Paris
Benjamin,Taylor,74403,Dublin,29,Golf retreat,plane,New York
Andrew,White,54702,Beijing,46,Mountain hiking,train,Barcelona
Avery,Smith,47530,Beijing,53,Festival,car,Tokyo
Daniel,Davis,68432,Tokyo,44,Golf retreat,plane,Barcelona
Ava,Thompson,59574,Toronto,47,Historical sightseeing,plane,Tokyo
James,Thompson,82995,Sydney,68,Food tour,train,Tokyo
Matthew,Davis,54471,Toronto,48,Golf retreat,plane,Dubai
Avery,Anderson,68781,Sydney,33,Festival,car,Paris
Olivia,Lopez,56697,Seoul,39,Historical sightseeing,cruise ship,Tokyo
Christopher,Martin,68762,Singapore,70,Mountain hiking,cruise ship,Dubai
Grace,Davis,77758,Mumbai,33,Safari,cruise ship,Barcelona
Mia,Miller,51931,Cape Town,64,Mountain hiking,cruise ship,Paris
Madison,Martinez,42636,Dublin,26,Golf retreat,plane,Tokyo
Nicholas,Garcia,84660,Beijing,28,Historical sightseeing,plane,Paris
Michael,Brown,53096,Seattle,33,Mountain hiking,plane,Paris
Ava,Taylor,78685,Seattle,47,Relaxation spa,train,Dubai
Christopher,Martinez,44466,Singapore,52,Historical sightseeing,plane,Tokyo
Michael,Martinez,84528,Tokyo,40,Festival,train,New York
Avery,Harris,43349,San Francisco,54,Mountain hiking,car,Dubai
Benjamin,Moore,66873,Mumbai,25,Festival,cruise ship,Paris
Ava,Jones,57059,Seoul,33,Festival,train,Paris
Matthew,Martinez,56155,Mumbai,50,Golf retreat,train,Paris
William,Brown,85413,Tokyo,39,Food tour,cruise ship,Tokyo
Avery,Smith,81516,Tokyo,32,Historical sightseeing,car,New York
Emily,Davis,44488,Tokyo,58,Golf retreat,train,New York
Andrew,Johnson,48686,Seoul,43,Festival,train,Paris
Olivia,Thomas,77901,Sydney,29,Historical sightseeing,plane,Tokyo
Olivia,Garcia,45827,Tokyo,27,Food tour,plane,New York
Christopher,Jones,57522,Mumbai,48,Festival,plane,New York
Christopher,Thompson,72785,Tokyo,67,Food tour,train,Paris
David,Moore,87376,Mumbai,27,Festival,car,Tokyo
Benjamin,Martinez,69076,Barcelona,40,Historical sightseeing,plane,Barcelona
Avery,Martinez,54753,Seoul,40,Mountain hiking,plane,Barcelona
Michael,Harris,89523,Cape Town,38,Food tour,cruise ship,New York
Sophia,Williams,60709,Barcelona,29,Golf retreat,cruise ship,Paris
Alexander,Harris,80031,Mumbai,50,Mountain hiking,plane,New York
Emma,Miller,42444,Cape Town,67,Cruise,car,Barcelona
Madison,Martinez,80937,Seattle,69,Cruise,car,Dubai
Christopher,Johnson,69347,Singapore,54,Mountain hiking,train,Tokyo
Madison,Miller,53866,San Francisco,30,Mountain hiking,car,Tokyo
David,Taylor,44988,Mumbai,64,Golf retreat,plane,New York
Mia,Thomas,61455,Sydney,64,Golf retreat,car,Dubai
Sophia,Johnson,53626,Chicago,34,Golf retreat,plane,Dubai
David,Williams,41170,Chicago,53,Cruise,car,Tokyo
Nicholas,Martinez,80324,Tokyo,56,Festival,car,Paris
Avery,Williams,77434,Tokyo,44,Golf retreat,plane,New York
Emma,Williams,43731,Berlin,41,Mountain hiking,train,Dubai
Andrew,Brown,71330,Cape Town,67,Cruise,plane,Paris
Daniel,Garcia,66261,Mumbai,32,Safari,cruise ship,New York
Sophie,Thompson,59845,Singapore,40,Cruise,plane,Barcelona
David,Jackson,46933,Barcelona,25,Historical sightseeing,plane,Tokyo
Benjamin,Jackson,88809,Barcelona,67,Relaxation spa,plane,Dubai
Isabella,White,74765,Mumbai,28,Mountain hiking,cruise ship,New York
Daniel,Thompson,77347,Tokyo,34,Food tour,plane,Barcelona
Isabella,Garcia,73360,Toronto,55,Golf retreat,train,Barcelona
Mia,Martin,84931,Chicago,60,Safari,car,Dubai
Daniel,Wilson,84757,Barcelona,25,Safari,cruise ship,Paris
James,Johnson,59123,Dublin,37,Cruise,plane,Tokyo
Olivia,Jones,50639,Chicago,68,Festival,cruise ship,Dubai
John,Thomas,87646,Seoul,62,Golf retreat,car,Paris
John,Martinez,89912,Seattle,64,Golf retreat,plane,Barcelona
John,Martin,58826,Dublin,68,Safari,car,Dubai
Olivia,Moore,84027,Sydney,28,Golf retreat,plane,Paris
Mia,Miller,43309,Dublin,47,Safari,car,Tokyo
John,Jackson,68413,Chicago,29,Food tour,train,Barcelona
Alexander,Martinez,59415,Dublin,66,Festival,train,New York
David,Thompson,62941,Barcelona,33,Mountain hiking,plane,Tokyo
Sophia,Thompson,78473,Seoul,60,Food tour,car,Tokyo
James,Williams,45070,Seattle,56,Festival,plane,Tokyo
Mia,Jackson,87424,Cape Town,33,Food tour,plane,Dubai
Daniel,Martin,70085,Mumbai,41,Cruise,plane,Barcelona
Avery,Martin,67424,Sydney,66,Festival,plane,Tokyo
Benjamin,Jackson,43222,Tokyo,44,Historical sightseeing,plane,Dubai
Alexander,Garcia,73830,Tokyo,26,Food tour,plane,New York
Christopher,Harris,63953,San Francisco,51,Mountain hiking,car,Tokyo
John,Thompson,62215,Tokyo,53,Historical sightseeing,plane,Dubai
Ethan,White,74100,Chicago,43,Historical sightseeing,plane,Paris
William,Johnson,51167,Seattle,56,Food tour,car,New York
Alexander,White,64556,Mumbai,38,Historical sightseeing,cruise ship,Dubai
Isabella,Johnson,74484,Barcelona,67,Festival,plane,New York
Sophie,Wilson,82377,Sydney,59,Relaxation spa,cruise ship,Dubai
Sophia,Lopez,72703,San Francisco,25,Mountain hiking,car,Paris
Olivia,Williams,67690,Chicago,39,Food tour,cruise ship,Tokyo
Matthew,Moore,49346,Tokyo,50,Festival,plane,Tokyo
Alexander,Martinez,51848,Toronto,44,Historical sightseeing,train,New York
Emily,Lopez,40937,Beijing,54,Mountain hiking,train,New York
David,Jackson,87281,Seoul,25,Festival,car,Tokyo
Isabella,Jones,44498,Sydney,64,Safari,cruise ship,New York
Ethan,Jones,80415,Seoul,57,Relaxation spa,car,Barcelona
Matthew,Taylor,42383,San Francisco,68,Golf retreat,train,Paris
Avery,Jackson,86436,Dublin,50,Relaxation spa,cruise ship,Dubai
Nicholas,Williams,86428,Cape Town,40,Mountain hiking,plane,Paris
Sophie,Williams,75988,Sydney,56,Festival,cruise ship,Tokyo
Isabella,Moore,51291,Barcelona,33,Festival,plane,Dubai
Benjamin,Harris,61433,Singapore,63,Food tour,car,New York
Christopher,White,66110,Beijing,35,Relaxation spa,plane,Tokyo
Nicholas,Martin,89266,Toronto,42,Golf retreat,cruise ship,Tokyo
Nicholas,Lopez,50852,Dublin,26,Mountain hiking,car,Barcelona
Grace,Brown,78814,Tokyo,66,Mountain hiking,plane,Paris
Matthew,Martinez,47205,Dublin,26,Golf retreat,plane,Paris
Daniel,Taylor,42154,Cape Town,52,Relaxation spa,train,Tokyo
Andrew,Garcia,45277,Berlin,59,Mountain hiking,car,Tokyo
Emily,Harris,64809,Sydney,59,Mountain hiking,plane,Tokyo
Olivia,Davis,42224,Chicago,37,Relaxation spa,cruise ship,Barcelona
Alexander,Martin,77578,Toronto,64,Festival,plane,Tokyo
Emma,Anderson,52873,Mumbai,64,Food tour,train,Barcelona
Isabella,White,83073,Cape Town,54,Safari,plane,Paris
Grace,Anderson,89471,Tokyo,25,Cruise,train,Dubai
Christopher,Martin,58815,San Francisco,42,Festival,cruise ship,Dubai
Alexander,Moore,57729,Sydney,54,Food tour,plane,Dubai
William,Smith,79848,Chicago,41,Golf retreat,car,Tokyo
Ava,Jones,71289,San Francisco,49,Safari,car,New York
Michael,Jackson,44528,Singapore,33,Food tour,train,Tokyo
Madison,White,62179,Toronto,49,Golf retreat,car,Barcelona
Abigail,Johnson,54262,Barcelona,62,Relaxation spa,plane,Tokyo
Abigail,Miller,50324,Barcelona,59,Festival,cruise ship,Dubai
Benjamin,Brown,72845,Barcelona,37,Historical sightseeing,plane,Paris
Madison,Davis,46794,Cape Town,47,Festival,car,New York
William,Miller,80853,Seoul,55,Festival,plane,Tokyo
Daniel,Moore,53572,Tokyo,34,Safari,train,Barcelona
William,Jackson,69341,Seoul,64,Mountain hiking,car,New York
James,Smith,81731,Barcelona,57,Food tour,train,Tokyo
Abigail,Jones,40943,Seattle,67,Festival,plane,Tokyo
Mia,Davis,74999,Singapore,42,Historical sightseeing,cruise ship,Barcelona
Andrew,Harris,77234,San Francisco,42,Mountain hiking,plane,Tokyo
Madison,Garcia,64861,Sydney,28,Safari,plane,New York
Andrew,Garcia,88147,Seattle,48,Festival,train,Tokyo
William,Anderson,63505,Seattle,68,Food tour,train,Barcelona
Sophia,Martin,56266,Beijing,26,Relaxation spa,train,Dubai
James,White,57301,Barcelona,26,Mountain hiking,plane,Dubai
Andrew,Brown,57916,Sydney,25,Relaxation spa,car,New York
Andrew,Davis,48607,Sydney,68,Golf retreat,train,Paris
Sophie,Jones,84340,Beijing,34,Golf retreat,car,Tokyo
Emily,Thomas,72804,Chicago,33,Mountain hiking,plane,New York
Grace,Martinez,73236,Singapore,59,Golf retreat,train,Tokyo
Emma,Harris,65449,Dublin,59,Mountain hiking,plane,Barcelona
Grace,Garcia,60085,Tokyo,57,Historical sightseeing,cruise ship,Paris
Nicholas,Thompson,42098,Berlin,70,Cruise,train,Dubai
Michael,Anderson,43178,Cape Town,65,Cruise,cruise ship,Barcelona
Isabella,Davis,89645,Singapore,67,Festival,cruise ship,Paris
William,Johnson,47697,Dublin,32,Safari,car,Dubai
Madison,Jackson,62170,Sydney,33,Cruise,car,Dubai
Ava,Thomas,53558,Sydney,32,Golf retreat,plane,Tokyo
Sophia,Wilson,60769,Cape Town,64,Safari,train,Barcelona
Michael,Smith,54682,San Francisco,55,Festival,train,Tokyo
Mia,Wilson,51333,Beijing,62,Festival,train,Barcelona
Ava,Martin,49009,Tokyo,51,Festival,train,Barcelona
Madison,Johnson,53720,Sydney,66,Historical sightseeing,train,Barcelona
Christopher,Johnson,72237,Tokyo,45,Historical sightseeing,train,Barcelona
Andrew,Anderson,71683,Beijing,70,Food tour,cruise ship,Paris
Benjamin,Martin,61728,Toronto,32,Mountain hiking,cruise ship,Dubai
James,Martinez,82209,Beijing,40,Relaxation spa,cruise ship,Dubai
Nicholas,Brown,50154,Barcelona,49,Golf retreat,cruise ship,Barcelona
Daniel,Johnson,44099,Sydney,57,Festival,plane,Paris
James,Johnson,50509,Cape Town,57,Cruise,plane,Dubai
Avery,Jackson,41959,Tokyo,60,Mountain hiking,plane,New York
Ethan,Taylor,66095,San Francisco,47,Historical sightseeing,car,Tokyo
David,Martin,80449,Singapore,28,Mountain hiking,train,Tokyo
John,Lopez,78302,Seattle,30,Food tour,cruise ship,Paris
Abigail,Miller,86492,Tokyo,65,Festival,plane,Barcelona
Grace,Martin,69910,Mumbai,52,Cruise,car,Tokyo
Abigail,Moore,56934,Tokyo,52,Safari,cruise ship,Tokyo
Avery,Taylor,89066,San Francisco,34,Relaxation spa,train,New York
John,Garcia,55564,Chicago,34,Golf retreat,train,Dubai
Alexander,Brown,59839,San Francisco,39,Food tour,car,Paris
Avery,Johnson,83749,Barcelona,69,Golf retreat,cruise ship,Dubai
Grace,Thompson,87653,Barcelona,59,Food tour,car,Tokyo
Mia,Taylor,54254,Barcelona,69,Festival,cruise ship,Dubai
Abigail,Davis,51338,Beijing,37,Golf retreat,plane,Dubai
Ava,Wilson,42218,Seattle,66,Historical sightseeing,plane,Tokyo
Mia,White,82037,Toronto,42,Mountain hiking,plane,Paris
David,Smith,74345,Tokyo,62,Safari,cruise ship,Dubai
Avery,Thomas,64217,Chicago,44,Safari,train,Tokyo
Madison,Moore,83744,Berlin,38,Cruise,car,New York
Daniel,Jackson,69629,Dublin,27,Safari,plane,Barcelona
William,Jones,67873,San Francisco,46,Festival,train,Barcelona
Emma,Thomas,86211,Chicago,52,Festival,car,Paris
Avery,Taylor,73772,Mumbai,70,Festival,train,Barcelona
Michael,Garcia,82940,Dublin,33,Golf retreat,cruise ship,Barcelona
Benjamin,Thomas,53296,Beijing,34,Cruise,car,New York
Michael,Johnson,82639,Chicago,69,Food tour,car,Paris
Grace,Davis,69278,San Francisco,44,Festival,train,Paris
Sophie,Miller,73797,Barcelona,26,Food tour,car,Paris
Madison,Jackson,63799,Mumbai,40,Mountain hiking,car,New York
Michael,White,80052,Sydney,36,Relaxation spa,train,Paris
Alexander,Jackson,51376,Barcelona,57,Historical sightseeing,cruise ship,Dubai
Isabella,Thompson,82719,Tokyo,40,Relaxation spa,train,New York
Avery,Harris,64637,Sydney,69,Relaxation spa,cruise ship,Dubai
Andrew,Thompson,72262,Cape Town,34,Golf retreat,cruise ship,Barcelona
Michael,Johnson,58647,Beijing,63,Mountain hiking,train,New York
David,Martin,71920,Mumbai,48,Food tour,cruise ship,Dubai
James,Smith,74074,Singapore,29,Golf retreat,car,Paris
Christopher,Jones,49655,Toronto,39,Safari,train,Dubai
Avery,Moore,48907,Sydney,42,Mountain hiking,car,New York
Christopher,Martinez,56036,Chicago,41,Historical sightseeing,cruise ship,Barcelona
William,Taylor,65040,Berlin,46,Safari,train,Tokyo
John,Anderson,67101,Sydney,67,Relaxation spa,car,Barcelona
Matthew,Anderson,62103,Sydney,51,Historical sightseeing,train,Dubai
Olivia,Lopez,86172,Singapore,58,Mountain hiking,cruise ship,Tokyo
Sophia,White,68488,Chicago,55,Relaxation spa,car,New York
Andrew,Wilson,78329,Cape Town,59,Food tour,cruise ship,Barcelona
Nicholas,White,40365,Cape Town,65,Relaxation spa,plane,New York
Grace,Smith,71837,Mumbai,54,Historical sightseeing,car,Paris
Alexander,Jackson,42054,Tokyo,52,Relaxation spa,cruise ship,Tokyo
John,Brown,42922,Chicago,62,Food tour,plane,Tokyo
Abigail,Moore,81733,Berlin,69,Food tour,car,Barcelona
Ethan,Williams,65665,Berlin,29,Historical sightseeing,train,Dubai
Emma,Harris,77961,Berlin,34,Cruise,plane,Barcelona
Matthew,Johnson,58521,Tokyo,34,Mountain hiking,cruise ship,Dubai
Christopher,Davis,76674,Tokyo,47,Mountain hiking,cruise ship,Tokyo
Madison,Johnson,70332,Tokyo,46,Cruise,plane,Barcelona
Matthew,Moore,82993,Tokyo,57,Food tour,train,Barcelona
Emily,Thompson,63459,Singapore,66,Festival,car,New York
Sophia,Jackson,68464,Tokyo,50,Historical sightseeing,train,New York
William,Anderson,64208,Chicago,49,Food tour,cruise ship,New York
Madison,Taylor,49315,Seoul,26,Mountain hiking,car,New York
Matthew,Jackson,45720,Sydney,62,Safari,train,New York
Ava,Johnson,69675,Beijing,45,Safari,cruise ship,Dubai
Mia,Garcia,43771,Chicago,32,Safari,car,New York
Andrew,Wilson,58746,Sydney,50,Golf retreat,car,Paris
Christopher,Johnson,51337,Barcelona,30,Festival,cruise ship,Dubai
Christopher,Taylor,60914,Barcelona,25,Festival,train,Dubai
Christopher,Miller,61630,Mumbai,33,Historical sightseeing,car,Tokyo
Andrew,Taylor,65695,San Francisco,30,Safari,train,New York
Avery,Jackson,53783,Seoul,27,Safari,cruise ship,Dubai
Andrew,Jones,75323,Seattle,50,Relaxation spa,train,Paris
Madison,Jones,54903,Seattle,49,Food tour,cruise ship,Tokyo
Nicholas,Williams,88716,Mumbai,46,Festival,train,Paris
Alexander,Martin,53587,Toronto,45,Food tour,cruise ship,Paris
Olivia,Jones,57991,Mumbai,58,Historical sightseeing,car,Paris
William,Johnson,84404,Seoul,62,Food tour,plane,New York
Daniel,Williams,64907,Barcelona,47,Safari,train,Tokyo
James,Smith,46294,Berlin,26,Festival,cruise ship,Tokyo
Madison,Davis,70276,Sydney,33,Cruise,cruise ship,Barcelona
Michael,Martinez,61580,Dublin,26,Cruise,car,Barcelona
James,White,64377,Singapore,34,Safari,plane,New York
Andrew,Johnson,64842,Seattle,54,Safari,car,Tokyo
Nicholas,Anderson,87871,Berlin,60,Food tour,car,New York
David,Martinez,89408,San Francisco,28,Golf retreat,car,Dubai
Abigail,Martinez,82476,Toronto,65,Mountain hiking,car,Tokyo
Christopher,Lopez,75748,Mumbai,54,Historical sightseeing,train,Tokyo
Sophia,Smith,66181,Seattle,41,Festival,car,Tokyo
Alexander,White,70450,Mumbai,43,Food tour,train,New York
Nicholas,Davis,77377,Berlin,62,Historical sightseeing,cruise ship,Barcelona
Benjamin,Williams,80392,Toronto,64,Festival,plane,Tokyo
Madison,Wilson,74936,Toronto,29,Golf retreat,cruise ship,New York
John,Lopez,55106,Sydney,68,Cruise,cruise ship,Barcelona
Mia,Davis,44877,Seattle,67,Food tour,car,Dubai
Emily,Williams,80882,Seoul,60,Safari,plane,New York
Christopher,Harris,88005,Dublin,38,Safari,car,Barcelona
William,White,58640,Cape Town,25,Festival,train,Barcelona
Alexander,Wilson,55421,Singapore,31,Festival,train,New York
John,Jones,80995,Toronto,63,Safari,car,Tokyo
William,Williams,83067,San Francisco,39,Cruise,train,Tokyo
Grace,Smith,76351,Mumbai,39,Golf retreat,plane,Barcelona
Christopher,Davis,40592,Toronto,39,Safari,cruise ship,Barcelona
